sequence,charge,weight,logP,hydrophobicity
TRQARRNRRRRWRERQRAAAACYGRKKRRQRRR,16.94799802,4367.089,-30.36728,-42.66
LRRLRRRLRRLRRRWRRRLRRLRRRLRRL,19.99745109,4233.289,-19.6691,-41.31
RKKRRQRRRRKKRRQRRR,15.99028875,2661.245,-19.15386,-38.06
MDRALVKWKKKRKIRRRRRRRRRRR,16.99375672,3518.381,-17.17909,-35.7
RRRRRRRRRRRRRRRWWW,14.99093663,2919.492,-15.23905,-35.52
RRRRRRRRRRRRR,12.99093406,2048.472,-16.36159,-32.89
RRRRRRRRRRRR,11.99093737,1892.283,-15.10966,-30.36
ARARCRRGRAARRRRLRGVCRIRGRLRRLAAR,15.90855721,3872.734,-24.64698,-29.1
RYAKMKRRRRRVARRHRRR,13.08857913,2665.253,-15.35833,-28.01
RRRRRRRRRRR,10.99094068,1736.094,-13.85773,-27.83
ARRARRRARRAARRARRWARR,12.99793417,2732.239,-18.61989,-27.74
KGKKGKKGKKGKKGKKGKKGKKGKKGKKGKKGK,21.98535204,3465.437,-18.3047,-27.72
RRLRPRRPRLPRPRPRPRPRPR,11.99093737,2895.539,-14.11986,-27.28
HKKHKKHKKHKKHKKHKKHKKHKK,16.7812106,3165.951,-10.6609,-27.2
VRRVWRRVVRVVRRWVRRVRRWVRRVVRVVRRWVRR,17.9975621,4962.135,-15.81484,-27.18
KKAKKKAKKKAKKKAKKKAKKKAKKKAK,20.9855142,3207.243,-11.6638,-27.16
RRRRRRRRRGGGKWKKLLKKPLKLLKK,16.98965041,3469.403,-13.24057,-27.1
RFARRFARRFARRFARRFARRFARRFARRFAR,15.99092413,4263.087,-18.25978,-26
RPRRRATTRRRITTGTRRRR,10.99094068,2580.027,-20.38693,-25.48
RRRRRRRRRR,9.990943994,1579.905,-12.6058,-25.3
RFRRLRWKTRWRLKKIRFGRFLRKIRRFRPK,16.99012694,4315.368,-11.08576,-24.99
KKHRKHRKHRKHWKKWSKKWKHWIPQCKKFGKK,17.43602169,4444.459,-10.15329,-24.92
QLGRRRHRRRPSRRRRHW,10.19025866,2522.941,-15.6303,-24.66
AKRHHGYKRKFHAKRHHGYKRKFHAKRHHGYKRKFH,15.88325706,4658.454,-16.67398,-24.63
WRRRRRRRRRRG,9.99593149,1823.171,-12.2808,-24.01
FWQRRIRRWRRFWQRRIRRWRR,11.9926165,3414.075,-10.25706,-23.68
RFARRFARRFARRFARRFARRFARRFAR,13.99093075,3732.453,-15.98812,-22.75
ARRARRRWRRRARRA,9.997951186,2050.435,-13.3782,-22.01
RRWVRRVRRWVRRVVRVVRRWVRR,12.99093406,3400.178,-11.60879,-21.82
RRIRRPRLPRPRVPRPRIPPRIPRPVLPPPRVPFPRFPR,13.99093075,4818.969,-13.21662,-21.74
RRKKRRQRRR,8.990629619,1495.819,-10.87211,-21.56
WRRRRRRRRRG,8.995934801,1666.982,-11.02887,-21.48
KTKKTKKTKKTKKTKKTKKTK,13.98664928,2520.2,-13.4341,-21.35
WRRWRRRWRRRWRRW,9.995933601,2510.975,-6.5618,-21.25
RRVVRRVRRVVRRVVRVVRRVVRR,12.99093406,3138.935,-14.81279,-21.01
RRRRPRPPRLPRPRPR,8.990947305,2119.578,-10.87697,-20.99
RWRRPIRRRPIRPPFWRKGKCCKGKRRVRWIIW,14.90093424,4401.464,-10.54983,-20.78
PFWRRRIRIRRRRIRIRRRWFP,11.99971891,3205.939,-9.21296,-20.6
RRWRRWWRRWWRRWRR,9.990943994,2697.189,-5.353,-20.44
HKKHKKHKKHKKHKKHKK,12.58423288,2378.967,-8.0173,-20.4
RRRRRRRRRFF,8.990939275,1718.07,-9.89887,-20.39
LRRLRRRWLRRLRRR,9.997476085,2218.759,-9.2734,-20.25
GRKKRRRRRR,8.99716171,1424.74,-10.50621,-20.23
VDKRPRRPRPRPPRRIYNR,7.997306551,2485.948,-12.10864,-20.1
GRKKRRQRRRPWQK,8.997003211,1936.319,-10.94008,-19.97
RRKRPRPPRLPRPRPR,8.990788462,2091.564,-10.01124,-19.96
VDKRPYRPRRRPPRRIYNR,7.996456137,2552.007,-11.66654,-19.96
AKAKCRKGRAAKRKKLKGVCRIKGRLKRLAAR,15.90712762,3620.608,-16.85541,-19.83
FRRFRRRWRRRFRRF,9.992615095,2354.827,-8.487,-19.73
RFRRLRKKKRKRLKKI,11.98999243,2210.856,-7.59508,-19.49
LRRLRRRWWRRRLRRL,9.997484202,2404.973,-8.0646,-19.44
PWRIRIRRRRIRIRWPPWRIRIRR,11.99972393,3421.236,-8.40636,-19.29
YGRKKRRQRRRD,6.991838943,1674.946,-11.11138,-19.19
GRKKRRQRRRPPQ,7.997165021,1719.047,-11.77168,-19.16
VDKRPRLPRRRPPRRIYNR,7.997306551,2501.991,-11.56874,-19.16
RKKRRQRRRCWTKSIPPKPC,9.900931939,2581.18,-12.50798,-19.13
VDKRPRKPRPRPPRRIYNR,7.997147707,2457.934,-11.24291,-19.07
VDKKPRRPRPRPPRRIYNR,7.997147707,2457.934,-11.24291,-19.07
KRFKKFFRKLKKSVKKRKKEFKKKPRVIKVSIPF,16.98840278,4307.49,-8.56262,-18.97
WRRRRRRRRG,7.995938112,1510.793,-9.77694,-18.95
RRLRRLLRRLLRRLRR,9.990943994,2258.865,-9.4204,-18.94
VDKRPYRPRKRPPRRIYNR,7.996297293,2523.993,-10.80081,-18.93
VDKRPYKPRRRPPRRIYNR,7.996297293,2523.993,-10.80081,-18.93
VDKKPYRPRRRPPRRIYNR,7.996297293,2523.993,-10.80081,-18.93
RGKAKCCKRGRKCCRRKK,10.81125393,2165.777,-13.26785,-18.91
RKDVYRRRRRR,6.990665271,1616.91,-9.70281,-18.77
RRRRRRRKDVY,6.990666328,1616.91,-9.70281,-18.77
IHFRIGRRRRRRRR,9.09671322,1991.407,-10.99777,-18.74
RRIRKRPPRLPRPRPR,8.990788462,2107.607,-9.47134,-18.7
RRIRPRKPRLPRPRPR,8.990788462,2107.607,-9.47134,-18.7
WWRRRRRRRR,7.995931026,1639.955,-7.68434,-18.62
RRIRPRPPRLPRPRPRK,8.990788807,2204.724,-9.48034,-18.58
GRKKRRQRRR,7.997165021,1396.682,-10.50398,-18.55
GRKKRRQRRRPWQ,7.997165021,1808.144,-10.55388,-18.47
RRRRPIRRRPIRPPWYR,8.990096891,2387.894,-8.68617,-18.46
KVAKQEKKKKKTGRAKRR,9.989387053,2168.676,-11.69999,-18.43
RRIRRPRLPRPRVPRPRIPPRI,9.990952111,2811.497,-10.4044,-18.18
KFKKFKKFKKFKKFKKFKKFKKFKKFKKFK,19.98567635,4053.285,-0.5355,-18.1
GRFRRLRKKTRKRLKKIGKVLKKI,13.99620021,3007.868,-10.06688,-18.06
RFRRLRKKTRKRLKKI,10.99015458,2183.786,-8.34328,-18.04
VDKKPRKPRPRPPRRIYNR,7.996988864,2429.92,-10.37718,-18.04
KKKKKKKKKKKK,11.98697359,1556.115,-4.7209,-18
KWRRKLKKLRPKKKRKV,11.98761472,2276.955,-5.78142,-17.99
VDKRPYKPRKRPPRRIYNR,7.99613845,2495.979,-9.93508,-17.9
VDKKPYKPRRRPPRRIYNR,7.99613845,2495.979,-9.93508,-17.9
VDKKPYRPRKRPPRRIYNR,7.99613845,2495.979,-9.93508,-17.9
WWWRRRRRRRR,7.995931026,1826.169,-6.47554,-17.81
RRIRPRPPRLPRPRPRPLPYPRP,8.990091873,2897.542,-9.41807,-17.81
RRWRRWRRWRR,7.990950617,1826.169,-6.47554,-17.81
RRIRIRPPRLPRPRPRPWFPPRFPIPRIPGKR,11.99077853,4035.976,-9.90843,-17.76
KAKRRARNLNQKKRK,8.988095428,1895.303,-12.01422,-17.73
KGKKGKKGKKGKKGKKGKKGK,13.98664928,2211.829,-11.6799,-17.64
RHRHRHRHRHRH,6.583828081,1778.001,-10.89448,-17.58
KKRYKKKYKAYKPYKKKKKF,12.98356025,2680.381,-4.01723,-17.56
GRFRRLRKKTRKRLKKIGKV,11.9965225,2525.198,-10.35628,-17.5
RRWGRWHRMRRRGR,8.089763788,2022.401,-9.76344,-17.42
RGRKCCRRKKKCCKKP,9.811251878,1978.574,-10.64582,-17.36
RRIRRPRLPRPRVPRPRI,8.990955423,2347.914,-9.66537,-17.27
RILQQLLFIHFRIGRRRRRRRR,10.08975717,3003.675,-11.898,-17.22
RFRRLRKKWRKRLKKI,10.99015458,2268.895,-6.00008,-17.18
QEKKKKKTGRAKRR,7.993448499,1742.114,-10.57309,-17.13
RRIRPRPPRLPRPRPRPLPFPRPGPRPIPRPLPFP,10.99093566,4207.172,-10.77603,-17.11
VDKKPRLPRKRPPRRIYNR,7.996988864,2445.963,-9.83728,-17.1
SAVWRRWRRFWLRKRRKR,9.9926343,2600.146,-7.86694,-17.04
RRIRRPRLPRPRVPRPRIPP,8.990942287,2542.148,-9.68337,-17.03
RRIRPRPPRLPRPRPRPLPFPR,8.990947305,2784.426,-9.11467,-17
RRWRRWWRRWRR,7.990950617,2012.383,-5.26674,-17
RRRRWWWWRRRR,7.990950617,2012.383,-5.26674,-17
KRFKKFFRKLKKSVKKRKKEFKKKPRVIGVSIPF,15.98856494,4236.367,-9.06022,-16.99
RRIRPRPPRLPRPRPRP,7.990945598,2173.666,-9.10314,-16.96
RRIRPRPPRLPRPRPRPLPFPRP,8.990942287,2881.543,-9.12367,-16.88
VDKKPYKPRKRPPRRIYNR,7.995979606,2467.965,-9.06935,-16.87
GLRKRLRKPRNKPKEKLKKI,9.99814411,2487.141,-8.86602,-16.86
RFRRLRDKTRDRLKKI,6.991926716,2157.612,-9.65188,-16.84
LQQLLFIHFRAGRRRRRRRR,9.096292567,2692.245,-12.20317,-16.83
RFRFRRRRFRFRFR,8.990947305,2159.601,-7.71637,-16.82
RFRRLRKKFRKRLKKI,10.99015458,2229.858,-6.48138,-16.8
VDKKHYRPRPRPPRRIYNR,7.095113775,2504.946,-10.09828,-16.8
GRKKRRQRRRGALWKSLLKNVGKA,10.99668564,2863.478,-14.64118,-16.74
RRIKKRPPRLPRPRPK,8.99047112,2051.579,-7.73988,-16.64
LQQLLFIHARIGRRRRRRRR,9.096292567,2658.228,-12.39977,-16.64
RRLRKKTRKRLK,8.990312276,1639.085,-7.96355,-16.58
LQQALFIHFRIGRRRRRRRR,9.096292567,2692.245,-12.20317,-16.51
KKKKKKKKKKK,10.98713574,1427.94,-4.3347,-16.5
AKRHHGYKRKFHAKRHHGYKRKFH,10.58816105,3111.641,-11.14482,-16.42
RRIRPRPPRLPRPRWR,7.990950617,2165.646,-7.87634,-16.39
RWRRPIRRRPIRPPFWRGGGKRRVRWIIW,11.99078773,3867.699,-9.10423,-16.38
VDKRPYLPRRRPPRRIYNR,6.996459448,2508.978,-9.88371,-16.37
RRQRRTSKLMKRGGKLAKLAKKLAKLAK,12.98966366,3236.094,-14.19915,-16.35
VDKKPYRPRPRPPRRIYNR,6.996300604,2464.921,-9.55788,-16.28
VDKRPYKPRPRPPRRIYNR,6.996300604,2464.921,-9.55788,-16.28
RFRRLRWKTRWRLKKICYCRRRFCVCV,11.81088249,3689.634,-9.80847,-16.24
RRRRWRWWRWWRR,7.990950617,2198.597,-4.05794,-16.19
WRKWRKWRKWRKWRK,9.995130531,2370.905,-2.23315,-16.1
LQQLLFIHFRIGRRRRRRRR,9.096292567,2734.326,-11.17697,-16.07
RRIRPRPPRLPRPRPK,7.990792118,2048.535,-8.22841,-16.05
KRIRPRPPRLPRPRPR,7.988733768,2048.535,-8.22841,-16.05
RRIKPRPPRLPRPRPR,7.990791773,2048.535,-8.22841,-16.05
GRFRRLRKKTRKRLKKIGKVLKAI,12.99636236,2950.772,-10.17598,-15.94
LQQLLFIHFRIARRRRRRRR,9.096292567,2748.353,-10.78847,-15.93
RRIRPRPPRLPRPRPRPL,7.990958734,2286.826,-8.57224,-15.9
AKKAKKKAKKAAKKIKKKAKK,13.99570739,2352.099,-7.9342,-15.9
RRWQRNIRKYRR,6.98994467,1788.109,-8.70098,-15.86
IRILQQLLFIHFRIGRRRRRRRR,10.09670991,3116.835,-11.3671,-15.84
GLRRLLRKIRGRWKGGGRGGRLCYCRRRFCVCVGR,12.81756401,4122.077,-18.73663,-15.79
VDKKHYKPRPRPPRRIYNR,7.094954932,2476.932,-9.23255,-15.77
KKIRPRPPRLPRPRPRPLPYPRP,8.987716181,2841.514,-7.68661,-15.75
GRFRRLRKKTRKRLKKIGKVLKWI,12.99636236,3065.907,-8.47188,-15.75
WRIRRRPPRLPRPRWR,7.995931026,2254.743,-6.65854,-15.7
RIKDFLRNGRKCCRRKK,7.901669169,2177.693,-10.83655,-15.64
IARRALKKAKRARHTIPQCKKFGRR,11.05122887,2990.69,-13.60178,-15.6
RGRRSSRRKK,6.990636586,1286.518,-11.04815,-15.53
GRFRRLRKKTRKRLKKIGKVLKLI,12.99636236,2992.853,-9.14978,-15.5
VDKKPRLPRPRPPRRIYNR,6.997151019,2414.905,-9.46008,-15.48
WWRRWWRRWRRWWRRWWR,8.995927715,3099.642,-0.47467,-15.48
WRRWWRRWWRWWRRWWRR,8.995927715,3099.642,-0.47467,-15.48
PRPRCRRRFCRPRP,6.910368449,1853.275,-9.41081,-15.46
RKIKKRRKKWR,8.990153088,1583.02,-5.28552,-15.43
WRQWRQWRQWRQWRQWRQ,5.995937649,2841.219,-7.84348,-15.42
KKRRWQWRRKK,7.988257582,1656.03,-5.47112,-15.35
VDKKPYLPRRRPPRRIYNR,6.996300604,2480.964,-9.01798,-15.34
VDKRPYLPRKRPPRRIYNR,6.996300604,2480.964,-9.01798,-15.34
RWRRPWRRRPIRPPFYR,7.990100203,2451.936,-6.02884,-15.31
KRFKKFFKKLKNSVKKRAKKFFKK,13.98696697,3088.932,-6.57356,-15.31
VDFPNKGGKCDRKECRKTCKKLNYRGKCFPNYCRCFPG,7.729901518,4461.315,-19.93702,-15.3
KKHRKHRKHRKHGGG,8.383358164,1847.181,-10.62229,-15.25
VDKKPYKPRPRPPRRIYNR,6.996141761,2436.907,-8.69215,-15.25
RWRRPIRRRPIRPPWYR,7.990100203,2417.919,-6.22544,-15.12
GLRKRLRKARNKIKEKLKKI,9.99814411,2477.146,-8.81242,-15.1
LRRVYKRLFRLWKRIIRQLRRPVR,10.99630467,3279.107,-7.54857,-15.08
YPRYPRYPRYPRYPRYPRYPR,6.986336033,2933.389,-5.88131,-15.05
RNGCIVDPRCPYQQCRRPLYCRRR,5.811242974,3009.584,-15.21331,-15.05
LQQLLFIAFRIGRRRRRRRR,8.997479396,2668.263,-11.12287,-15.05
RRWQRNIRKVRR,6.990795085,1724.066,-8.99328,-15.04
RRIKPRPPRLPRPRPK,7.990633274,2020.521,-7.36268,-15.02
WRIRRRWPRLPRPRWR,7.995931026,2343.84,-5.44074,-15.01
WRNWRNWRNWRNWRNWRN,5.995933329,2757.057,-10.18408,-15
RTCRCRLGRCSRRESYSGSCNINGRIYSLCCR,6.722923855,3730.369,-25.95484,-14.91
RRLRKKTRKRLKKIGKVLKWI,11.98983358,2705.489,-7.06365,-14.89
RRWYRWWRRRWYRWWR,7.989249788,2711.163,-1.98294,-14.86
RFRRLRPKTRPRLKKI,8.990478892,2121.67,-7.58888,-14.8
RFRRPIRRRPIRPPWYR,7.990100203,2378.882,-6.70674,-14.74
RKKRRQRRRLNLKALLAVAKKIL,10.99015458,2829.589,-10.57828,-14.69
ILQQLLFIHFRIGRRRRRRRR,9.09671322,2847.486,-10.64607,-14.69
RDKPPYLPRPRPPRRIYNR,5.989818168,2447.89,-8.79058,-14.68
LRRLYKRVVKLWKRLFRQLRRPVR,10.99614583,3237.066,-7.07294,-14.67
VDKPPYRPRPRPPRRIYNR,5.996462759,2433.863,-9.18068,-14.66
HRHRHRHRHR,5.487348661,1484.67,-9.09315,-14.65
GLRKRLRKFRNKIKQKLKKI,10.99636899,2552.26,-8.18892,-14.64
RRWFWRRRRWFWRR,7.990950617,2306.737,-3.81174,-14.62
LQALLFIHFRIGRRRRRRRR,9.096292567,2677.274,-10.42257,-14.6
LAQLLFIHFRIGRRRRRRRR,9.096292567,2677.274,-10.42257,-14.6
GRRRRSVQWCAPRRWQWR,6.95280251,2440.847,-11.07861,-14.57
GLRKRLRKFRNKIKEKLKKI,9.99814411,2553.244,-7.58962,-14.53
RFRRLRWKTRWRLKKIWWPFLRR,10.99046415,3342.124,-3.99014,-14.49
KRKARKKGRFSKK,8.987936584,1618.018,-8.33399,-14.48
KFKKFKKFKKFKKFKKFKKFKKFK,15.98632497,3246.231,-0.4457,-14.48
GRFRRLRKKTRK,7.997006522,1601.979,-8.26455,-14.47
RFRRLRCKTRCRLKKI,8.901111874,2133.728,-8.74168,-14.46
IIRILQQLLFIHFRIGRRRRRRRR,10.09670991,3229.995,-10.8362,-14.46
KKLKKLKKKWKKLKKKLK,12.98681144,2323.144,-1.7747,-14.45
KRIVQRKKDKKR,6.988822306,1582.969,-7.39179,-14.38
RVHRLLRRVHRLLRRVHRLLR,9.287386818,2811.501,-9.39427,-14.37
KLNRLKEKNKAKNSKENN,4.991488788,2156.481,-14.11183,-14.35
FLAAARIAKRVAKKARKLAKRAARKRK,12.99150163,3077.875,-12.29818,-14.33
VDKKPYLPRKRPPRRIYNR,6.996141761,2452.95,-8.15225,-14.31
GFGCPFNARRCHRHCRSIRRRAGYCAGRLRLTCTCVR,9.926150957,4311.162,-24.057,-14.3
RPRPQQVPPRPPHPRLRR,6.08977041,2240.665,-10.03818,-14.3
RRIRPRPPRLPRPRPC,6.946260756,2023.506,-8.42761,-14.26
RLWRRWRRWRR,6.990953928,1783.14,-4.69271,-14.22
RWRRPIRRRPIRPPFWR,7.990950617,2401.92,-5.93104,-14.19
WRRLRRLLRRLRRL,7.995939144,2019.541,-6.23864,-14.13
GAGIGPGHRRTWRRWPRRRWR,8.096295879,2671.097,-11.67694,-14.1
KCRRYCYRQRCVTYCRGR,6.807451799,2370.857,-12.15368,-14.08
VDFPNKGGKCDRKECRKTCKKLNYRGKCKFGGICRCFPG,8.730589777,4442.357,-20.34422,-14.06
GLRKRLRKFRNKIKEKLKKIG,9.998143079,2610.296,-8.47342,-14.05
ARARRRRFRARA,6.99796112,1542.831,-10.10371,-14.04
GCASRCKAKCAGRRCKGWASASFRRRCYCKCFRC,10.63850925,3880.735,-21.67771,-13.94
RRRPRPPYLNRPRPP,5.990101807,1928.291,-8.32788,-13.92
RRYRAYFRFRCRR,6.94456959,1906.269,-7.60951,-13.9
DILIIVGGRRRRRRRR,6.999200938,2048.492,-10.64564,-13.9
IARRALKKAKRAAHKIPQCKKFGRR,11.05107003,2932.65,-12.09695,-13.9
YIRKIRRFFKKRFKFRKK,10.99047256,2546.214,-4.25845,-13.87
LRVRRTLQCSCRRVCRNTCSCIRLSRSTYAS,7.773216174,3649.358,-24.59314,-13.87
VDKPPRLPRPRPPRRIYNR,5.997313173,2383.847,-9.08288,-13.86
LRRLWKRLVRIIKRIYRQLKRPVR,10.99614583,3217.076,-6.87944,-13.86
FWQRNIRKVRRRR,6.992474216,1871.243,-8.26578,-13.85
WRIRPRPPRLPRPRPR,6.995934338,2106.574,-6.63341,-13.74
GRRRRSVQWCAGGRRWQWR,6.95280251,2457.834,-12.83721,-13.73
VDKPPYLPRRRPPRRIYNR,5.996462759,2449.906,-8.64078,-13.72
VDKRPYLPRPRPPRRIYNR,5.996462759,2449.906,-8.64078,-13.72
VDKPRYLPRPRPPRRIYNR,5.996462759,2449.906,-8.64078,-13.72
RRIRRPRLPRPRVP,6.990948909,1825.259,-7.68341,-13.71
GGGGLRKRLRKFRNKCKEKLKKCGQKIQGLLPKLA,11.90845175,3951.924,-15.89372,-13.71
LRKLWKRVVKIWKRYLRQLRRPVR,10.99598699,3248.089,-5.72591,-13.7
RRWCYRKCYKGYCYRKCR,7.808338392,2492.039,-7.78895,-13.66
RGRKYYRRKK,6.988776914,1410.7,-6.27042,-13.62
HKKHKKHKKHKK,8.387255153,1591.983,-5.3737,-13.6
SGRGKTGGKARAKAKTRSSRAGLQFPVGRVHRLLR,11.09112647,3761.423,-23.72261,-13.59
GFGCPNEWRCNAHCKRNRFRGGYCDSWFRRRCHCYG,5.927654442,4400.033,-21.43761,-13.58
RYRRKKKMKKA,7.989313072,1492.912,-5.59759,-13.57
RGRKCCRRKK,6.901110724,1290.64,-8.30742,-13.56
RRWQWRPRRWQWR,5.990957239,2053.384,-5.27128,-13.52
RGRKVVRRKKK,7.990315588,1410.789,-7.24122,-13.48
VDKPPYLPRPRPPRRKYNRG,5.996311002,2462.901,-9.19875,-13.47
RRRWRKRRWWW,6.990804282,1828.18,-3.14908,-13.44
RFRRLRWWTRKRLKKI,8.990478892,2299.864,-5.15328,-13.42
RFRRLRWKTRWRLKKI,8.990478892,2299.864,-5.15328,-13.42
RFRRLRWKTRKRLWKI,8.990478892,2299.864,-5.15328,-13.42
LRRPPRWPRRLLRR,6.997486019,1928.383,-6.07551,-13.36
LKKVYKRLARLLKRYIRYLRRPVR,10.99428616,3158.988,-6.13281,-13.35
SHHRCCRSHRCRR,5.155357527,1693.98,-12.79635,-13.34
RYRRKKKMKKALQYIKLLKE,8.989907082,2622.324,-5.71339,-13.34
SSLSPLSSSSGLGKKKKRKSKRASR,8.992002237,2661.114,-20.54479,-13.33
IRIRIRRRRFRIRIRI,8.997908166,2249.853,-7.44097,-13.3
WRWRRRRFRWRW,6.995943534,2003.371,-3.28731,-13.28
RKRRIVVIRRKR,7.99063293,1636.085,-7.02708,-13.26
VDKPPYLPRPRRPRRIYNRG,5.996469845,2506.958,-9.52458,-13.24
VDKPPYLPRPRPRRRIYNRG,5.996469845,2506.958,-9.52458,-13.24
GLRKRLRKFRNKIKK,8.996685524,1941.459,-7.22862,-13.23
SKVWRHWRRFWHRAHRKK,8.288921936,2558.02,-6.67645,-13.21
RGRKGGRRKK,6.990477742,1198.452,-8.90422,-13.18
RGRGKQGGKVRAKAKTRSS,7.99031667,2028.362,-16.45392,-13.14
KWKLFKKIRFGRFLRKIRRFRPK,11.98792665,3105.93,-4.56568,-13.13
RYRRKKKMKKALQY,7.988456629,1897.379,-5.88329,-13.1
MATKKKVVKKAVKKVAKKAPKKAVKKVAKKK,15.9912925,3419.509,-9.2982,-13.09
RIIRLLWRVRRPQKPGWKRKRFG,9.99047455,3003.71,-7.63441,-13.09
KRCKNKMEGDDVAVSGRGARKAAKK,5.946476021,2704.189,-16.75209,-13.08
KRLRKFRNKIKEKLKKIG,8.989556294,2283.895,-6.86859,-13.06
RWKRINRQWFFWQRNIRKWR,7.99063293,2961.499,-6.79748,-13.06
WRIRPRPPRLPRWRPR,6.995934338,2195.671,-5.41561,-13.05
IARRALKKALRARHTIPQCKKFGRR,10.05139103,2975.675,-12.68468,-13.04
KQVKKSCKSHKDCKTHPCPPSKVKQCVNGYCRCVRIY,8.916164668,4281.193,-20.12446,-13.03
VDKPPYLPRPRWRRRIYNR,5.996462759,2539.003,-7.42298,-13.03
RRRPRPPYLRPRPPP,5.990101807,1911.304,-6.69708,-13.02
RRRPRPPYLPRPRPP,5.990101807,1911.304,-6.69708,-13.02
KKRKAPKKKRKFA,8.987784483,1614.07,-5.56586,-13.01
RRIRFRPPYLPRPGRRPRFPPPFPIPRIPRIP,9.990088561,3972.868,-8.3275,-12.97
ACADLRGKTFCRLFKSYCDKKGIRGRLMRDKCSYSCGCR,7.729516422,4497.415,-21.70918,-12.97
VTCYCRRTRCGFRERLSGACGYRGRIYRLCCR,7.728714721,3835.6,-19.57857,-12.96
WGRAFRRGVRRLARGGRR,7.995931026,2183.577,-12.01974,-12.94
LQQLLFIHFAIGRRRRRRRR,8.096295879,2649.216,-10.42034,-12.92
WRTRWRTRWRTR,5.995937649,1817.106,-7.37488,-12.9
RRIRFRPPYLPRPGRR,6.990103514,2093.531,-7.54741,-12.86
WRQWRQWRQWRQWRQ,4.99594096,2370.685,-6.55065,-12.85
RRRPRPPYLPRPRPPPFFPPRLPPRIPPGFPPRFPPRFP,9.990088561,4720.721,-7.9973,-12.83
VDKPPKLPRPRPPRRIYNR,5.99715433,2355.833,-8.21715,-12.83
AFGCPFDQGTCHSHCRSIRRRGERCSGFAKRTCTCYQK,5.928807286,4355.023,-26.53218,-12.78
LRLKKRRWKYRVPR,7.996155763,1955.445,-4.66925,-12.76
RWGRWLRKIRRWRPK,7.990633274,2150.63,-4.57508,-12.71
RWRWRKRRWRKGLIP,7.990627911,2150.63,-4.57508,-12.71
RWRPKRWGRWLRKIR,7.99063293,2150.63,-4.57508,-12.71
PKRWGRWLRKIRRWR,7.999419488,2150.63,-4.65658,-12.71
LRKLRKRLLLRKLRKRLL,9.996848829,2373.129,-4.89568,-12.7
VDKPPYLPRKRPPRRIYNR,5.996303916,2421.892,-7.77505,-12.69
RRWQWRGGRRWQWR,5.990957239,2070.371,-7.02988,-12.68
KFKKFKKFKKFKKFKKFKKFK,13.98664928,2842.704,-0.4008,-12.67
RRRPRPPYLPRPRPPPFFPPRLPPRI,7.99010832,3229.941,-6.72914,-12.66
GLRRLLRKIRGRWKGGGRLLRPLLQLLKQKLR,11.99683409,3849.84,-11.52544,-12.63
KRGKQGGKVRAKAKTRSS,7.988099822,1943.296,-14.70439,-12.59
AGTNRIAKELRRYIRKVGRIKRKAW,8.998242632,3040.677,-11.91468,-12.58
AGTNRIAKELRRYIRKVGRIARKKW,8.998242632,3040.677,-11.91468,-12.58
VRRFRRFFRRLRRSVL,7.997603325,2220.722,-8.09894,-12.57
IRHWRRVWRHWRRRL,7.195541131,2269.717,-5.11981,-12.56
LIQRGRFGRFLGRIRRFRPRINFDIRARGSIRLG,9.998203772,4127.939,-17.07673,-12.56
RGKRWWRRKK,6.990477742,1456.776,-4.71902,-12.52
RWQRNIRKVRR,5.990798396,1567.877,-7.74135,-12.51
WRNWRNWRNWRNWRN,4.99593664,2300.55,-8.50115,-12.5
LRKLWKRLAKIIKRLYRYLRRPVR,10.99513657,3196.053,-4.96701,-12.5
IARRALKKAKRAAHTIPQCKKFGRR,10.05123218,2905.58,-12.84515,-12.45
GRWKRWRKKWKKLWKKLS,9.996365608,2499.113,-3.05539,-12.43
IARRALKKAKRAAHKIPACKKFGRR,11.05107003,2875.598,-11.34255,-12.43
RWGRWLRKIRRWRPKC,7.945939758,2253.776,-5.16048,-12.42
KRIGWRCWRRWPRLRK,7.94389176,2253.776,-5.16048,-12.42
KRIGWRWRCRWPRLRK,7.94389176,2253.776,-5.16048,-12.42
KRIGWRWRRWCPRLRK,7.94389176,2253.776,-5.16048,-12.42
KRIGWRWRRWPRCLRK,7.94389176,2253.776,-5.16048,-12.42
PKRWGRWLRKIRRWRC,7.954726316,2253.776,-5.24198,-12.42
RVIRVVQRACRAIRHIVRRIRQGLRRILRVV,11.04507645,3818.772,-14.80523,-12.42
PRLPRIPRLPRYPRYPRWPRHPT,7.096880694,2978.567,-7.01961,-12.37
QQCRRPLYCRRR,4.902422249,1634.967,-9.06135,-12.33
GPIRRPKPRPRPRPE,4.999106307,1809.164,-7.78965,-12.31
KQPCKSRKHCKTYRCPTPKVPNCVNGFCKCVR,8.81779794,3710.549,-17.87909,-12.29
RFRRLRIKTRIRLKKI,8.990478892,2153.756,-6.50908,-12.28
FRCRRWQWRMRRLGK,6.947791051,2135.618,-6.78928,-12.25
KLKTWPKNYWRKVWSKKNWRKFVKKFKHW,12.08526289,3962.819,-4.20306,-12.22
VDKPPYLPRPRKPRRIYNRG,5.996311002,2478.944,-8.65885,-12.21
VDKKPYLPRPRPPRRIYNRG,5.996311002,2478.944,-8.65885,-12.21
VRVRRRRFRVRV,6.997604621,1655.047,-7.55931,-12.2
TDKPPYLPRPRPPRRIYNR,4.990978479,2392.806,-8.67305,-12.2
RWKRWWRRKK,6.990477742,1585.938,-2.62642,-12.19
VDKPPYLPRPRPPRRCYNR,4.951782561,2380.82,-8.51415,-12.16
RRIRPRPPRLPRP,5.990952221,1667.054,-6.58128,-12.14
KKKKYRNIRRPG,6.987417221,1543.891,-6.95569,-12.13
CPKRWGRWLRKIRRWRC,7.910128001,2356.922,-5.74588,-12.13
WSRRWRRRWRW,5.995946846,1787.083,-4.28578,-12.12
KGRGKQGGKVRAKAKTRSS,7.988099822,2000.348,-15.58819,-12.11
VDRPPYLPRPRPPRRIYNR,4.996624914,2418.848,-8.26358,-12.1
IARRALKKAKRAAHKIPAAKKFGRR,11.09575354,2843.531,-11.25245,-12.1
LKKVWKRVARLIKRWFRYLRRPVR,10.99598699,3225.054,-4.77491,-12.1
RWRRPIRRRPIRPPFYP,6.990098495,2319.81,-5.46381,-12.09
ARWGRWLRKIRRWRPK,7.99763338,2221.709,-5.07038,-12.09
VDKDPYLPRPRPPRRIYNR,3.997189982,2408.805,-8.42935,-12.09
VDKPDYLPRPRPPRRIYNR,3.997189982,2408.805,-8.42935,-12.09
MRWGRWLRKIRRWRPK,7.993542794,2281.83,-4.33718,-12.07
RVIRVVQRACRAIRHIVRRIRQGLRRIL,10.04508177,3464.317,-13.8349,-12.05
GLRKRLRKFRNKIKFK,8.996685524,2088.636,-6.50112,-12.04
RRRRRRRWWWWWWW,6.990963125,2414.836,-0.38841,-12.04
WRRWWRWWRRWWRR,6.995934338,2414.836,-0.38841,-12.04
KAVKKRKKKLAKAKK,9.987456743,1753.309,-5.62843,-12.03
RWRWNRRTGRWRWY,5.990107883,2135.442,-5.98778,-12.03
VRKPPYLPRPRWPRRIYNR,6.995738848,2521.032,-6.39148,-12.01
VDKPPYLPRPRWKRRIYNR,5.996303916,2510.989,-6.55725,-12
YRWWRWARRWYRWWRWARRW,7.99059399,3225.749,-0.55594,-12
QTRRLTYKPRTVTYTRGR,5.990776699,2253.605,-13.00895,-11.99
RGRKVVRRKK,6.990477742,1282.614,-6.85502,-11.98
RIWFQNRRMRWRR,5.990957239,1961.349,-6.57368,-11.98
RRWYRRWYRRWY,5.988407054,2003.319,-2.67238,-11.97
RWYRRWYRRWYR,5.988405997,2003.319,-2.67238,-11.97
VDKPNYLPRPRPPRRIYNR,4.99646607,2407.821,-9.02865,-11.97
VDKNPYLPRPRPPRRIYNR,4.99646607,2407.821,-9.02865,-11.97
IARRALKKAKRAAHKIPAAKKFARR,11.09575354,2857.558,-10.86395,-11.96
RRRRRRWWWW,5.990966436,1700.005,-2.76288,-11.94
RKSKEKIGKEFKRIVQRIKDF,5.994260372,2634.178,-8.96869,-11.92
LRRAARWARRLLRR,6.997486019,1850.269,-7.53441,-11.86
GLRKRLRKFRNKIKIK,8.996685524,2054.619,-6.69772,-11.85
VDKPPYLPRPRPPRRIYNRN,4.996461751,2504.938,-9.03765,-11.85
RWRWPIRRRPIRPPWYR,6.990103514,2447.944,-3.76471,-11.78
WGRAFRRLVRRLARGLRR,7.995931026,2295.793,-9.19034,-11.78
FRFRRRRFRFRF,6.992625029,1847.223,-5.21251,-11.76
LLRRLLRRLLRRLLRR,7.997482708,2172.807,-5.85474,-11.76
LRGLLCYCRKGHCKRGERVRGTCGIRFLYCCPRR,8.827944807,4030.954,-16.75994,-11.76
RRRPRPPYLPRPRPPPFFPPRL,6.990111631,2766.358,-5.99011,-11.75
KKKKKKKKKKGIGKLFLHAAKKFAKAFVAEKMNS,14.0870765,3888.922,-10.3322,-11.75
KGRGKQGGKVRAKAKTR,7.988098395,1826.192,-12.54239,-11.75
RWCVYARVRGRRYRRCW,6.899895278,2342.807,-7.83451,-11.73
RRRPRPPYLPRPRPPPFFPPRLPPRIPPGFPPRFP,8.990091873,4223.121,-7.45487,-11.73
RWCVYARRRGVRYRRCW,6.899895278,2342.807,-7.83451,-11.73
VDKPPHLPRPRPPRRIYNR,5.096129656,2364.8,-8.38035,-11.73
RFRRPIRRRPIRPPFYP,6.990098495,2280.773,-5.94511,-11.71
RFRRPIRRPPIRPPFYR,6.990103514,2280.773,-5.94511,-11.71
GRRPRPRPRP,4.997487623,1244.48,-7.26595,-11.69
KRIVQRKKDFKR,5.988984461,1601.971,-6.27809,-11.69
RPDKPRPYLPRPRPPRPV,4.990677995,2194.628,-6.74005,-11.69
VDKPPYLPRPRPPRRCYNRG,4.951789647,2437.872,-9.39795,-11.68
RWRSFFKKAAHRGKHVGKRARTHYL,9.285909147,3094.647,-11.68135,-11.67
VKKPPYLPRPRPPRRIYNR,6.995580004,2403.921,-6.74355,-11.67
LRWGRWLRKIRRWRPK,7.997165365,2263.79,-4.04418,-11.65
SKVGRHGRRFGHRAHRKL,7.289091863,2155.519,-12.03715,-11.64
SAVGRHGRRFGLRKHRKH,7.289075562,2155.519,-12.03715,-11.64
RFRPPIRRPPIRPPFRPPFRPPVR,7.990950617,3005.681,-6.80684,-11.63
KWRQWQSKWRRTNPWFWIRR,6.988578236,2902.383,-6.62165,-11.62
GLRKRLRKFRNK,6.997009833,1571.949,-6.98712,-11.61
QCRRLCYKQRCVTYCRGR,5.812042661,2292.783,-12.05365,-11.6
VDKPHYLPRPRPPRRIYNR,5.095279241,2430.859,-7.93825,-11.59
RRPWRWPRWPWRR,5.990957239,1991.356,-2.78988,-11.58
LRHKKRRWKYRVPP,7.094967227,1920.355,-4.50662,-11.57
HRLKKRRWKYRVPP,7.090757392,1920.355,-4.50662,-11.57
RFGRFLRKIRRFRPK,7.990633274,2033.519,-6.01898,-11.57
VDKPPYLPRPRQPRRIYNRG,4.996473157,2478.9,-9.52235,-11.56
ADKPPYLPRPRPPRRIYNR,4.996821585,2362.78,-8.03395,-11.53
GGGGLRKRLRKFRNKIKEKLKKIGQKIQGLLPKLA,11.99781877,3971.952,-13.66112,-11.53
KKKKKRAHQQ,6.086918188,1279.562,-6.81353,-11.51
VRRFRRFFRRLRRSVLL,7.997603325,2333.882,-7.56804,-11.51
GWWRRTVRRVRNAVRRV,6.997492121,2223.638,-10.02251,-11.5
KRIRKRIKKWLR,7.988257238,1681.165,-3.83752,-11.49
ECRRLCYKQRCVTYCRGR,4.819042936,2293.767,-11.45435,-11.49
KWQRNIRKVRR,5.988581547,1539.863,-6.87562,-11.48
AARRAARRAARR,5.997957345,1381.623,-10.56988,-11.46
GNNRPVYRPQPRPPRPRL,4.996650345,2170.522,-10.70845,-11.46
KRFKKFFKKLRKSVKKRVKKFFKKPKVIGVSIPF,15.98679313,4197.373,-6.28959,-11.45
GYYCPFRQDKCHRHCRSFGRKAGYCGNFLKRTCICVKK,8.924380167,4531.417,-18.83075,-11.44
RRWVQRWIRRWRPKV,6.990801186,2178.64,-4.80408,-11.44
SRWPSPGRPRPFPGRPKPIFRPRPCNCYAPPCPCDRW,6.813948422,4349.15,-14.83821,-11.43
GRLKRLRKKLKKLLKKLS,9.996365608,2206.897,-5.76699,-11.43
WLRRIKAWLRRKRK,7.995454841,1966.472,-3.98975,-11.41
VIDDLKKVAKKVRRELLCKKHHKKLN,7.152479297,3140.896,-9.15376,-11.41
RWRRPIRRRPIRPPFYW,6.990112711,2408.907,-4.24601,-11.4
RFRWPIRRRPIRPPWYR,6.990103514,2408.907,-4.24601,-11.4
VDKPSYLPRPRPPRRIYNR,4.99646607,2380.795,-8.91175,-11.37
LKKVYKRVARLIKRLFRYLKRPVR,10.99497773,3100.948,-5.36278,-11.37
RQIKIWFQNRRMKWKKK,7.990156744,2374.948,-5.46769,-11.36
WRPGRWWRPGRWWRPGRWWRPGRW,7.995940223,3373.915,-4.00274,-11.36
WDKPPYLPRPRPPRRIYNR,4.994801889,2477.915,-6.32985,-11.34
SCASRCKGHCRARRCGYYVSVLYRGRCYCKCLRC,8.730571388,3981.836,-19.98991,-11.33
RLPWRWPRRPWRR,5.990957239,1918.302,-3.46778,-11.33
FWQRNIRKVRRR,5.992477527,1715.054,-7.01385,-11.32
RFWQRNIRKVRR,5.990798396,1715.054,-7.01385,-11.32
VDKPPYLPRPRPPRRIYKRG,5.996311002,2461.957,-7.02805,-11.31
LKRLYKRLAKLIKRLYRYLKKPVR,10.99396847,3116.987,-4.01125,-11.31
AKKRAKKRAHQQ,6.096135143,1449.734,-8.66986,-11.3
GCRRLCYRQRCVTYCRGR,5.817054464,2249.718,-12.55348,-11.3
RKIKRYLRRMK,6.989627328,1547.992,-4.52002,-11.28
FRQWYRRVRRYWQRF,5.990927512,2303.678,-5.21788,-11.28
PRPPHPPRPPHPPRPPHPPRPPHPRL,5.39500791,3014.56,-8.23835,-11.27
ILPKKKPKKPKRR,7.9969503,1617.114,-3.87276,-11.26
VDKPPYLPRPRPPRRFYNR,4.99646607,2424.851,-7.20125,-11.26
RRWKWRRKIKKWL,7.99032336,1940.433,-1.95082,-11.25
WPRLPRIPRLPRYPRYPRWPR,6.994233509,2829.417,-4.03651,-11.23
GGGRWRWRWKKKKK,7.996688835,1857.255,-4.79829,-11.22
KWFRVYRGIYRRRR,6.987036251,2012.412,-5.39388,-11.22
GGGKKKKKRWRWRW,7.996697688,1857.255,-4.79829,-11.22
WRNGRWWRNGRWWRNGRW,5.995946846,2585.901,-7.91608,-11.22
WLRAFRRLVRRLARGLRR,7.995931026,2351.901,-7.77564,-11.2
WPRWPRWPRWPRWPRWPRWPR,6.995934338,3094.655,-0.45141,-11.2
KRFKKFFKKLKNSVKKRAKKFFKKPRVIGVSIPF,14.98695528,4155.248,-8.17929,-11.19
RRRFWWFRRR,5.990957239,1621.931,-3.72548,-11.18
PIHRRIPPRWPRLKRRW,7.098404011,2320.842,-4.64088,-11.16
LRLRKRRWKYRVPP,6.996312899,1924.387,-4.29205,-11.14
LRLKRRRWKYRVPP,6.996312899,1924.387,-4.29205,-11.14
KWCFRRCYRGICYRRCR,6.808302214,2325.863,-7.87628,-11.14
RRRRRRWWWWW,5.990966436,1886.219,-1.55408,-11.13
RWWRRWRRWWR,5.990957239,1886.219,-1.55408,-11.13
RRWRWWWRWRR,5.990957239,1886.219,-1.55408,-11.13
KRRKAIKILKLIAKAIRKKR,10.98777077,2432.193,-6.09812,-11.12
RQWRRWWQWRR,4.990960551,1800.078,-4.01035,-11.11
LDKPPYLPRPRPPRRIYNR,4.99635357,2404.861,-7.00775,-11.09
SYEKKINRHFKILKKNLKKK,8.091422774,2544.14,-7.14613,-11.08
LRLKKRRWKYRVPQ,6.996159075,1927.387,-4.66702,-11.08
LRRLWKRVFKIIKRLFRQLKKPVR,10.99667856,3179.066,-4.65698,-11.06
YNKKYRYHLKSCKKADK,6.043638547,2173.579,-7.65873,-11.04
IRIRRRRFRIRI,6.997914789,1711.155,-5.99891,-11
RIRIRRRFIRIR,6.990953928,1711.155,-5.99891,-11
WRIRIRWKRLRRPP,6.995770476,1989.466,-3.99198,-11
LKKLWKRLARLWKRIIRQLKKPVR,10.99651971,3128.018,-4.14265,-11
RRWQWRPKRIVKLIKKWLR,8.990311932,2647.323,-3.25885,-10.99
RRRRKLDLKLDLKLDL,3.99265725,2051.52,-6.18892,-10.96
VNKPPYLPRPRPPRRIYNR,5.995742159,2389.85,-7.99715,-10.95
LRLKKRRWKYRYPP,6.995303642,1960.416,-3.13402,-10.93
GCASRCKAKCAGRRCKGWASASFRGRCYCKCFRC,9.63851256,3781.598,-21.30958,-10.93
RRLRKKTWKRLW,6.990486595,1727.149,-3.90782,-10.93
RWLRKWTRKRLK,6.990477742,1727.149,-3.90782,-10.93
VDKPYYLPRPRPPRRIYNR,4.995615656,2456.893,-6.95575,-10.93
VDKPPYLPRYRPPRRIYNR,4.995615656,2456.893,-6.95575,-10.93
VDKPPYLPRPRYPRRIYNR,4.995615656,2456.893,-6.95575,-10.93
GRFKRFRKKFKKLFKKLS,9.996365608,2342.965,-4.98059,-10.91
YRLKKRRWKYRVPP,6.990106555,1946.389,-3.52412,-10.91
AGKEKIRKKLKNEIKKKGRKAVIAW,9.00007064,2921.63,-8.78706,-10.91
AKKAAKKAKKAAKKIEKAAKK,9.997968979,2238.847,-8.4166,-10.9
VDKPCYLPRPRPPRRIYNR,4.951782561,2396.863,-7.97425,-10.9
KRKKHRCRAYNNGLPTGLYRWC,6.996155054,2721.229,-11.52212,-10.9
PRPPRLPRPRPRPLPFPRPGPRPIPRPLPFP,7.999732156,3625.445,-7.63264,-10.9
RKKTRKRLKKIGKVLKWI,9.989840208,2279.951,-5.09069,-10.89
RGLRRLGRKIKKGLKKYG,8.98930976,2127.67,-8.00372,-10.88
AGGKRIVKRIKKFLRGAGGKRIVKRIKKFLRG,13.99666719,3636.599,-12.05908,-10.88
RKKRKKLLKRLL,7.990164517,1580.097,-3.64969,-10.85
VDKPPYLPRPKPPRRIYNNR,4.996307227,2476.924,-8.17192,-10.82
LPRIPRLPRYPRYPRWPRHPD,5.095323096,2739.244,-5.58328,-10.81
KIAKRIWKILRRRLFRR,8.98841277,2309.944,-4.66118,-10.8
SGRGKQGGKVRAKAKTRSS,6.992327974,1959.251,-16.72489,-10.79
VDKPPYLPRPRPPRRIYNRC,4.951772899,2493.98,-7.98325,-10.78
VDKPPYLPRPRPPRRFYNRG,4.996473157,2481.903,-8.08505,-10.78
RKSYKCLHKRCR,5.999076447,1577.955,-7.27999,-10.77
KPWRFRRAIRRVRWRKVAPYIPFVVKTVGKK,11.98723508,3895.822,-7.74531,-10.76
HQFRFRFRVRRK,6.091934167,1733.072,-6.20815,-10.75
FRCRRWQWRMRRLG,5.947959947,2007.443,-6.40308,-10.75
RRWVQRWIRRWRKWV,6.990801186,2267.737,-3.58628,-10.75
FIKWRFRRWKKRK,7.991994719,1935.413,-2.23552,-10.74
KPKRGVNFRCRKGK,6.943577384,1674.063,-8.52059,-10.73
KWRRWQWRRWK,5.988581892,1772.108,-2.28112,-10.73
FFRRFFRRFFRRFFRR,7.992629748,2444.943,-4.28194,-10.72
RWQRNIRIRR,4.990960551,1453.729,-6.96505,-10.71
KWCRCVCRRGICRCRCRG,6.72064311,2214.811,-11.38378,-10.71
VDKPGYLPRPRPPRRIYNR,4.99646607,2350.769,-8.27265,-10.71
VDKGPYLPRPRPPRRIYNR,4.99646607,2350.769,-8.27265,-10.71
KRLFRRWQWRMKKY,6.987570036,2082.568,-3.15552,-10.7
RRWQWRAFCWNVCVYRNAVRVCHRRCN,6.910178328,3539.192,-13.55051,-10.7
WRLRWRTRWRLR,5.995937649,1841.216,-4.04428,-10.68
KRRKAIKILKLIAKLIRKKR,10.98777077,2474.274,-5.07192,-10.68
PRPPRLPRPRPRPLPFPRP,5.999738779,2299.816,-5.98028,-10.67
LRLKKRRYKYRVPP,6.995303642,1873.335,-4.20202,-10.66
KWRRKLKKLR,6.988260549,1411.816,-3.11649,-10.66
SKVWRHWRRFWHRAHRKL,7.289091863,2543.005,-5.75935,-10.65
PRCRRRFCRP,4.910375071,1346.663,-6.88895,-10.64
RLWRRWRRWLR,5.990957239,1740.111,-2.90988,-10.63
WLRAFRRLVRRLARLLRR,7.995931026,2408.009,-6.36094,-10.62
GRGKQGGKVRAKAKTRSS,6.996852072,1872.173,-15.20199,-10.61
KYHHIKLRHGRHRRTIH,6.481788804,2245.644,-8.60602,-10.61
CPRSKIKDCVKGYCRCVRKK,6.820167957,2370.978,-10.32549,-10.61
LRKARRLLKKLRARL,7.997014295,1891.443,-5.84085,-10.61
GRFKRFRKKFKKLFKKIS,9.996365608,2342.965,-4.98059,-10.59
AWKEKIRKKLKNEIKKKGRKAVIAW,9.00007064,3050.792,-6.69446,-10.58
AGKEKIRKKLKNEIKKKWRKAVIAW,9.00007064,3050.792,-6.69446,-10.58
VDKAPYLPRPRPPRRIYNR,4.99646607,2364.796,-7.88415,-10.57
VDKPAYLPRPRPPRRIYNR,4.99646607,2364.796,-7.88415,-10.57
GIRRGIRRIKKR,6.997168332,1508.894,-7.29345,-10.55
SRWPSPGRPRPFPGRPKPIFRPR,6.992803077,2742.248,-9.67498,-10.55
FWQRRIRKVRR,5.992477527,1600.95,-5.37405,-10.54
RLFRRVKKVAGKIAKRIWKILRR,10.99014647,2892.691,-6.53108,-10.54
KWLRRPWRRWR,5.988740391,1696.054,-2.58405,-10.54
RQIRRWWQWRR,4.990960551,1727.024,-4.68825,-10.54
LRRLLRWLRRLLRR,6.997486019,1976.512,-4.45581,-10.54
GRFKRIRKKLKKLFKKIS,9.996365608,2274.931,-5.37379,-10.53
GAKKGAKKGKKGAKKGAKGAGAKGAGAFKKKK,13.99523938,3041.742,-16.6824,-10.53
FWRRYKKVKKYRRWF,7.990285516,2247.738,-1.75942,-10.52
GCRRWCYKQRCVTYCRGR,5.816895621,2294.758,-11.00985,-10.52
VDKPPWLPRPRPPRRIYNR,4.997316485,2413.872,-6.62215,-10.52
PFWRIRIRRPFWRIRIRR,7.999737175,2581.183,-4.20524,-10.48
VWRRWRRFWRR,5.997601831,1760.101,-3.10338,-10.48
RVKRFKKFFRKIKKGFRKIFKKTKIFIG,13.9893494,3574.565,-5.22882,-10.47
KKTWWKTWWTKWSQPKKKRKV,8.987624655,2845.448,-4.42803,-10.46
LRRLWLRANRLLRRLWLRANRL,7.997490825,2915.601,-7.70734,-10.46
VKRFKKFFRKLKKSVKK,9.996318183,2195.828,-4.20786,-10.45
VDKPPYLPRPRYPRRIYNRG,4.995622743,2513.945,-7.83955,-10.45
KRIVQRIKDWLRKCCKKP,6.899450269,2298.912,-6.30099,-10.43
GNNKPVYRPQPRPPRPRL,4.996491501,2142.508,-9.84272,-10.43
IRIRCRRRFCRIRI,6.90854777,1917.447,-7.16971,-10.42
CVRVRVRVRPGRVRVRVRVC,7.910445688,2421.052,-11.03914,-10.42
KCRRWQWRMKK,5.943739539,1606.012,-4.18049,-10.39
LRLKKRRWKYRWPP,6.996154056,1983.454,-2.35832,-10.38
VDKPPYLPRPRWPRRIYNR,4.99646607,2479.931,-6.18005,-10.38
VDKPPYLPRWRPPRRIYNR,4.99646607,2479.931,-6.18005,-10.38
KRKVKRIKKFLR,7.988098395,1600.087,-3.84319,-10.38
WRLKKRRWKYRVPP,6.994602374,1969.427,-2.74842,-10.36
RFRRFRLPFRRPPIRIH,7.089758915,2320.842,-5.65121,-10.36
KKKLKKLKKKLK,8.987460054,1511.07,-1.9696,-10.32
KWCFRVCRRGICYRRCR,6.809152628,2261.82,-8.16858,-10.32
KRFKKFFKKLKNSVKKRVKFFFRKPRVIGVTFP,13.98727929,4131.185,-7.43762,-10.32
RRRRRRWWWWWW,5.990966436,2072.433,-0.34528,-10.32
WRWRWRWRWRWR,5.995937649,2072.433,-0.34528,-10.32
GKPRGNARLGLRPKRSRWL,6.99717645,2218.655,-10.64445,-10.32
GRKSAKKIGKRAKRI,7.996696608,1697.117,-8.99259,-10.31
PFWRRRIRIRR,5.999743798,1611.977,-4.69048,-10.3
AKRIVQRIKDFLRGAKRIVQRIKDFLRG,7.998763636,3382.129,-11.55948,-10.3
CKPKRGVNFRCRKGKCFPVR,7.865136468,2379.971,-10.08402,-10.29
GLLCYCRKGHCKRGERVRGTCGIRFLYCCPRR,7.827948119,3761.605,-16.03891,-10.29
LRLRLRLRLRLRLR,6.997486019,1903.458,-5.13371,-10.29
RRIPFWPPNLPGPRRPPWFLPDFRIPRIPRKR,7.991512374,4032.875,-6.88764,-10.29
LKKLYKRLFKLWKRLYRYLKKPVR,10.99380963,3238.125,-1.24482,-10.28
WRQWRQWRQWRQ,3.995944271,1900.151,-5.25782,-10.28
WGTNRIAKELRRYIRKVGRIARKAW,7.99638509,3098.716,-10.31968,-10.27
WKRWVRRWKRWLR,6.995616651,2012.459,-1.61165,-10.27
KEERGAPKGCWTKSYPPKPCSGKR,4.901434518,2691.144,-12.71396,-10.26
AWKEKIRKKLKNEIKKKWRKAVIAW,9.00007064,3179.954,-4.60186,-10.25
LKKVWKRVFRILKRFLRYLKRPVR,10.99582814,3200.084,-3.36428,-10.25
RGRGRGRGRG,4.990967637,1084.22,-10.76515,-10.25
KMDSRWRWKSSKK,4.988988117,1723.043,-7.08886,-10.24
KRRKLIKILKLIAKLIRKKR,10.98777077,2516.355,-4.04572,-10.24
VDKPPYLPRPRWYRRIYNR,4.995615656,2545.99,-5.73795,-10.24
VDKPPYLPRPRGPRRIYNRG,4.996473157,2407.821,-9.15645,-10.23
KRFKKFFKKLKNSVKKRAKKFFKKPKVIGVTFPF,14.98679644,4175.278,-6.72846,-10.22
PWRIRIRRPRRIRIWP,6.999735468,2227.757,-4.41731,-10.21
LKKLWKRVFRIWKRIFRYLKRPVR,10.99582814,3287.165,-2.29628,-10.2
GCRRLCWRQRCVTWCRGR,5.818755293,2295.794,-11.00208,-10.2
PRPPRLPRPRPRPLPFPRPG,5.999750884,2356.868,-6.86408,-10.19
KKWFRVYRGIYRRR,6.986877408,1984.398,-4.52815,-10.19
KRIVQRIKDFLRAGPRRWWRW,6.989308033,2824.398,-5.96138,-10.19
VKRWKKWKRKWKKWV,8.996486095,2170.74,-0.17696,-10.16
GRIKRIRKKIKKLIKKLS,9.996365608,2206.897,-5.76699,-10.15
VDKPPFLPRPRPPRRIYNR,4.997316485,2374.835,-7.10345,-10.14
QWGRRCCGWGPGRRYCRRWC,5.813042256,2543.007,-10.67408,-10.14
LRLKKRRWKYRLPP,6.996154056,1910.4,-3.03622,-10.13
KWKVFKKIEKKWKVFKKIEKAGPKWKVFKKIEK,11.99181249,4190.285,-1.3948,-10.12
LRLKKRRWKYRVPP,6.996154056,1896.373,-3.42632,-10.11
RLPRYPRYPRWPRHPT,5.088100758,2148.518,-5.46905,-10.11
GRFRRLGRKFKKLFKKYGP,8.995829747,2382.946,-6.00822,-10.11
PRLPRIPRLPRYPRYPRWPRHPTIYA,7.096009501,3325.982,-6.55091,-10.11
KRKKHRCRVYNNGLPTGLYRWA,7.040855312,2717.216,-10.79592,-10.11
LRVKKRRWKYRVPP,6.996154056,1882.346,-3.81642,-10.09
RKFRNKIKEKLKKIG,6.991779765,1886.371,-5.76136,-10.09
FKRLKKLISWIKRKRQQ,7.991835531,2256.828,-5.73569,-10.09
KRIVQRIKDFLRKCCKKP,6.899450269,2259.875,-6.78229,-10.05
VPKPPYLPRPRPPRRIYNR,5.995742159,2372.863,-6.36635,-10.05
VDKPPYLPRPRPPKRIYNR,4.996307227,2362.82,-6.53212,-10.04
LYKRYILRKFKFLKKKLKKK,10.9943427,2670.474,-1.09046,-10.04
RLRKKWRKLKKLL,7.990164517,1766.311,-2.44089,-10.04
VRRFRRFFLRLRRSV,6.997604621,2064.533,-6.84701,-10.04
GCRRLCYKQRCVTYCRGPPR,5.816895621,2415.938,-11.70575,-10.03
FKVKAKVKAKVKAKVKAKKKK,11.99071073,2384.14,-5.4114,-10.01
LRLKKRRWKYRFPP,6.996154056,1944.417,-2.83962,-10
DDALRRLLRRLLRRL,3.99993959,1935.364,-6.98898,-10
LRKFRNKIKEKLKKIGQKI,7.998150733,2368.997,-6.33546,-10
VDKPPYLPRFRPPRRIYNR,4.99646607,2440.894,-6.66135,-10
VDKFPYLPRPRPPRRIYNR,4.99646607,2440.894,-6.66135,-10
VDKPFYLPRPRPPRRIYNR,4.99646607,2440.894,-6.66135,-10
LKKLACRLKKLACRLKKLACRLKKLACR,11.81746468,3270.351,-8.25942,-10
RIKRRIKKWLR,6.990477398,1552.99,-3.45132,-9.99
AGRGKQGGKVRAKAKTRSS,6.997320087,1943.252,-15.69729,-9.99
FRLKKRRWKYRVPP,6.991301096,1930.39,-3.22972,-9.98
WLKKLKKKLKKLKKK,9.994336314,1938.619,-0.6161,-9.95
ELDRICGYGTARRKKCR,3.909825437,2025.4,-10.63072,-9.95
ELDRICGYGTARCRKKR,3.909825437,2025.4,-10.63072,-9.95
NIRPRPTARPPYINRPPNPFKPRW,5.984746417,2941.454,-9.92225,-9.94
FWQRNIRKVRRRI,5.992485644,1828.214,-6.48295,-9.94
SHHRPRLFHRHRH,4.487029525,1773.013,-8.11472,-9.93
KRWRIRVRVIRK,6.988578581,1666.11,-4.56635,-9.92
VWKRWVVRKWKWVKKKVKKK,10.99615603,2724.489,-0.52696,-9.92
VYKPPYLPRPRPPRRIYNR,5.994891745,2438.922,-5.92425,-9.91
GPIRRPKPRPRPE,3.999109618,1555.858,-6.52872,-9.9
SKVLRHLRRFLHRAHRKL,7.289091863,2323.843,-7.79305,-9.9
VDKPPYLPRPRWPRRIYNRG,4.996473157,2536.983,-7.06385,-9.9
KRKKHRCRVWNNGLPTGLYRWC,6.997005468,2772.321,-10.11032,-9.89
LRRLRRLLRRL,5.997497448,1520.949,-4.94358,-9.88
RLLRRLRRLLR,5.990957239,1520.949,-4.94358,-9.88
RRRLLLLLRRR,5.990957239,1520.949,-4.94358,-9.88
RRLRLLLRLRR,5.990957239,1520.949,-4.94358,-9.88
RTRCRFLRRC,4.90158387,1366.694,-7.39295,-9.87
LRLKKRRLKYRVPP,6.996154056,1823.319,-4.10422,-9.86
RQIKIWFQNRRMKWKK,6.990318899,2246.773,-5.08149,-9.86
KKWKMRRNQFWIKIQR,6.988260549,2246.773,-5.08149,-9.86
IGKLFKRIHERIKRFLRVFLRRLR,9.098008501,3151.956,-6.05261,-9.84
GRCRDDFRCWCTKRC,2.820037922,1905.254,-9.98492,-9.83
KKAKRRLLKK,6.98810205,1268.667,-3.95486,-9.82
RWRRPIRRPPIRPPWYP,5.990101807,2299.775,-3.73958,-9.82
VDKPPYLPRIRPPRRIYNR,4.99646607,2406.877,-6.85795,-9.81
QQCRRPLYCRRRKALAALAKKIL,7.901943902,2756.448,-10.07755,-9.79
KALAALAKKILQQCRRPLYCRRR,7.898198648,2756.448,-10.07755,-9.79
RRRVVVVVRRR,5.990957239,1450.814,-6.89408,-9.78
GRRGGRGGRGR,4.997492642,1141.272,-11.64895,-9.77
KRKKHRCRVYNNGLPAGLYRWC,6.996155054,2719.257,-10.24692,-9.77
GIKRGIIKRIKRIKRK,8.996685524,1963.55,-6.13832,-9.76
RQIKIRRMKWR,5.990639553,1570.986,-4.60782,-9.76
RWKMRRIKIQR,5.990639553,1570.986,-4.60782,-9.76
RKRWWRWWKWWKR,6.990477398,2144.58,0.99998,-9.76
GKKYRRFRWKFRKGRFWFWG,8.996000695,2793.342,-3.57285,-9.76
LRLKKRRWKYRVPG,6.996166161,1856.308,-4.30112,-9.75
RLLRRLLRRLLRLQKKGI,7.990641047,2301.962,-6.25678,-9.75
FWQRNIRKVKKKK,6.991839187,1759.187,-4.80286,-9.73
LRLKKRRFKYRVPP,6.996154056,1857.336,-3.90762,-9.73
DSHAKRHHGYKIKFHEKHHSLRGY,4.591526565,2969.336,-11.77566,-9.73
WFWKWWRRRRR,5.995778805,1819.168,-1.16965,-9.72
KRIVQRIKDFLRKACKKP,6.944133778,2227.808,-6.69219,-9.72
GCRRLCWKQRCVTYCRGR,5.817746035,2244.742,-10.91205,-9.72
GCRRLCYKQRCVTWCRGR,5.817746035,2244.742,-10.91205,-9.72
KIAKRIWKILRRRLFRRV,8.988418872,2409.077,-4.52038,-9.72
KWFRVYRGIYRRRGK,6.986877752,2041.45,-5.41195,-9.71
GRFRRLRKKTRKRLKKIGKVLKWIPPIVGSIPLG,12.99636133,3997.053,-10.05588,-9.71
KWVRLGRKLLRRLKKPFK,8.988095428,2322.979,-3.71732,-9.7
AGRQWIKAYLRREIRKVGRKARIAW,7.998404787,3082.717,-9.29048,-9.67
RVVRQWPIGRVVRRVVRRVVR,7.990950617,2642.265,-9.37834,-9.66
VDKPPYLPRPRLPRRIYNRG,4.996473157,2463.929,-7.74175,-9.65
RRLRWWTRWRLK,5.99079874,1813.202,-3.17855,-9.65
LKKLYKRVAKIWKRWIRYLKKPVR,10.99466004,3171.038,-2.08202,-9.64
TWLKKRRYKKAKPP,6.990461278,1800.236,-3.99626,-9.62
ARRARKWARRALKLA,6.997643433,1823.239,-7.32445,-9.62
AVACAKRVVRDPQGIRAWVAWRNRCQNRDVRQYVQGCGV,5.864344862,4486.222,-22.12151,-9.62
ARKFRRLVKKLR,6.997477504,1571.005,-4.81802,-9.61
RRGWARRLAAAYGRR,5.990106825,1816.119,-9.17408,-9.61
RLIRRKRRIIRWL,6.990803202,1835.338,-4.12098,-9.61
VDKPPYLPRPRPIRRPGGR,4.997316485,2227.658,-7.95875,-9.59
VCKRWKKWKRKWKKWCV,8.907119076,2377.032,-1.34776,-9.58
KKWKKWKKWKK,7.987622209,1602.057,0.4503,-9.57
VPKPPYLPRPRPPRRIYNRG,5.995749245,2429.915,-7.25015,-9.57
WRLRWRLRWRLR,5.995937649,1853.271,-2.37898,-9.57
LRLKKRRWKWRVPP,6.99700447,1919.411,-2.65062,-9.56
VDKPPYLPRPRPPRRIYNKG,4.996314313,2419.872,-7.41592,-9.56
SFGLCRLRRGFCARGRCRFPSIPIGRCSRFVQCCRRVW,9.724860127,4507.495,-19.4611,-9.56
VDKPPYLPRPRPPRRIYYRG,4.995622743,2496.958,-6.20875,-9.55
SKVWRHWRRFWHRAHRLH,6.388050888,2551.972,-5.92255,-9.55
KRFRIRVRVIRK,6.988578581,1627.073,-5.04765,-9.54
LRLKKRRIKYRVPP,6.996154056,1823.319,-4.10422,-9.54
VDKPPYLPRPRPPRRIYCRG,4.951789647,2436.928,-7.22725,-9.52
VDKPPYLPRPRFPRRIYNRG,4.996473157,2497.946,-7.54515,-9.52
IKALGKKLRKGKKKIGKKVK,10.99630534,2249.962,-6.08273,-9.51
RRRRRRWWWWWWW,5.990966436,2258.647,0.86352,-9.51
KHKHKHKHKH,5.482165999,1344.6,-4.7645,-9.5
GWWRRTVDKVRNAGRK,4.9978959,1985.295,-9.24502,-9.49
VDKPPYLPRPRPPRRIYWR,4.99646607,2462.944,-4.54925,-9.48
RGGRLCYCRRRFCVCR,5.811372788,2004.483,-9.87498,-9.47
LRLKQRRWKYRVPP,5.996316211,1896.329,-4.28982,-9.46
LRLKKRRWQYRVPP,5.996316211,1896.329,-4.28982,-9.46
KRFIKWYKAWNKKRRVY,7.986398624,2370.89,-3.22539,-9.46
SAVWRWRRFWLRKRK,6.992644578,2131.579,-4.11115,-9.45
RFRRPIRRPPIRPPWYP,5.990101807,2260.738,-4.22088,-9.44
RWRRPIRRPPIRPPFYP,5.990101807,2260.738,-4.22088,-9.44
RRWARRLFFAYRR,5.990106825,1854.211,-4.96088,-9.43
RQIKIWRRMKWKK,6.990318899,1857.361,-2.91949,-9.42
KRRKFWKKVLKKLKKIL,9.987623359,2240.957,-1.47926,-9.42
GNNKPVYKPQPRPPRPRL,4.996332658,2114.494,-8.97699,-9.4
VKRFKKFFRKLKKSVKKL,9.996325956,2308.988,-3.67696,-9.39
VDKPPYLPRPTPPRRIYNNR,3.996469382,2449.854,-8.92012,-9.37
RFRRFRLPFRRIHPPPFVRIHPPPFYRRFL,9.18773135,3975.83,-5.45317,-9.37
SKEKIGKEFKRIVQRIKDFLR,4.996438549,2619.163,-8.05159,-9.36
KPCQSDKDCKKFACRKPKVPKCINGFCKCVRIW,7.720971205,3858.794,-13.08466,-9.36
VWKPPYLPRPRPPRRIYNR,5.995742159,2461.96,-5.14855,-9.36
KRIRKWVRRILKKL,7.988265355,1893.458,-3.16582,-9.35
GLRKRLRKFRNKIKFF,7.996839304,2107.638,-5.38742,-9.35
RIIDLLWRVRRGWKRKRFG,6.991363928,2512.069,-5.76908,-9.35
AGKRIVQRIKDFLRGAGKRIVQRIKDFLRG,7.998763636,3496.233,-13.32708,-9.34
KKPKKPWKPKK,6.987784364,1392.805,-1.6081,-9.33
KKLKKLLKKWKKLLKKLK,10.98713574,2293.114,0.0595,-9.33
GLRRLLRKIRGRWK,6.997168677,1808.268,-5.55375,-9.32
VDKPPYLPRPRPPRRIYNN,3.996465062,2348.749,-7.78572,-9.32
YKRWKKWRSKAKKIL,7.990490264,2019.524,-3.01326,-9.3
DSHAKRHHGYKRKF,4.29431541,1766.994,-8.17906,-9.29
TWLKKRRAKKAKPP,6.991311692,1708.139,-4.92466,-9.26
GRRPRPRPRPWWW,4.997501839,1803.122,-3.63955,-9.26
HTCHIRRRPKFRKFKLYHEGKFWCPG,7.200641788,3328.988,-8.14222,-9.25
KCVRQNNKRVCK,4.899059341,1475.815,-9.16746,-9.23
RFFRRFRRFFR,5.990957239,1691.034,-3.96058,-9.23
RRFRFFFRFRR,5.990957239,1691.034,-3.96058,-9.23
RRRFFFFFRRR,5.990957239,1691.034,-3.96058,-9.23
RRWCFRVCYKGFCRYKCR,6.810201375,2430.999,-6.67315,-9.22
NGKTWKKNRKACQVK,5.940269096,1789.147,-9.54803,-9.21
VDKPPYLPRPPPPRRIYNNR,3.996469382,2445.866,-7.79472,-9.2
IIRRIIRRIIRRIIRR,7.99790336,2172.807,-5.85474,-9.2
YIRKIRRFFKTLNKNLKK,7.990641334,2366.94,-6.17559,-9.18
DILIIVGGKDRKKRRR,4.999451631,1923.349,-7.83702,-9.18
WRFRWRFRWRFR,5.995937649,1955.322,-1.78918,-9.18
KGRGKQGGKVRAKAK,6.98810205,1568.898,-10.15606,-9.17
FKCRRWQWRMKKLGK,6.947314521,2051.576,-4.19209,-9.16
KRIVQRKKDFLR,4.989146615,1586.956,-5.36099,-9.13
DILIIVGGKQRKKRRR,5.998727719,1936.392,-8.04622,-9.13
KRFKKFFKKLKNSVKKRVKFFFRKPRVIGVTFPF,13.98727628,4278.362,-6.71012,-9.13
KRKVQRIKDFLR,4.989146615,1586.956,-5.36099,-9.13
VDKPPYLPRPRWIRRIYNR,4.99646607,2495.974,-5.64015,-9.12
GLFKKLRRKIKKGFKKIFKRL,10.99621014,2633.417,-3.86249,-9.12
KRRLIARILRLAARALVKKR,8.98841277,2402.083,-7.41168,-9.12
KKKKKFKKLQ,6.987784019,1303.708,-2.7812,-9.1
GLEKRKRKFFNKIKFK,6.998305115,2067.565,-4.83726,-9.09
KWCFRVCYRGSCYRRCR,5.808305525,2242.725,-8.53735,-9.09
QVRWWGRYWRRKWATCR,5.946943603,2394.813,-5.67185,-9.08
VRKPPYLPRPRPRPLGGGKIILRIRWR,8.996423796,3249.029,-7.35971,-9.08
TWLKKRRWKKAKPP,6.991311692,1823.274,-3.22056,-9.07
WKKIWKPGIKKWIKQKRPRVRLSA,9.994819586,3031.796,-4.82459,-9.07
RGGRLYRRRFVVGR,5.990106825,1748.084,-8.27638,-9.07
RRWARRLAFAFRR,5.990957239,1762.114,-5.88928,-9.07
QKRPRVRLSAWKKIWKPGIKKWIK,9.991511566,3031.796,-4.82459,-9.07
RFRPPIRRRPIRPPFYP,5.990101807,2221.701,-4.70218,-9.06
RFRPPIRRPPIRPPFYR,5.990106825,2221.701,-4.70218,-9.06
RQWKKWWQWRR,4.990642864,1744.05,-2.27889,-9.05
KWCFRVCSRGSCYRRCRG,5.809163025,2223.679,-11.37715,-9.05
RRGWAFRRALAYGRR,5.990106825,1892.217,-7.95128,-9.04
LRLKKRRWKYRVPF,6.996151045,1946.433,-2.68982,-9.04
KRKKHRCRVYANGLPTGLYRWC,6.996155054,2706.258,-9.74152,-9.04
KRKKHRCRVYNAGLPTGLYRWC,6.996155054,2706.258,-9.74152,-9.04
LIGIIDGVKERKKRRR,4.999508523,1937.376,-7.44692,-9.02
KWKSKLKTKKSAKKTVKHTALKAISS,10.08611215,2926.598,-12.5363,-9.02
KWKVFKKIEKMGRNIRNGIVKAGPKWKVFKKIEK,10.99067937,4114.129,-7.91816,-9.02
PPGASPRKKPRKQ,4.999270579,1446.726,-8.01816,-9.01
LRLHKRRWKYRVPP,6.095129382,1905.34,-3.58952,-9.01
LRLKKRRWHYRVPP,6.095129382,1905.34,-3.58952,-9.01
AKRHHGYKRK,5.194260398,1280.509,-5.79376,-9
RRGCFRVCYRGFCFQRCR,5.811372788,2313.808,-10.20058,-9
VDKPPYLPRPRPPRRIYWRG,4.996473157,2519.996,-5.43305,-9
DSHAKRHHGYKR,3.294485595,1491.642,-8.52036,-8.98
KAAAAKKSPKKPKKPAAAKK,8.987460054,2047.572,-8.5793,-8.98
RGWRRWGRKWAHGWKKYG,7.088447241,2371.757,-5.56442,-8.98
VFKPPYLPRPRPPRRIYNR,5.995742159,2422.923,-5.62985,-8.98
GLRKRLRKFRNKIKII,7.996855451,2039.604,-5.78062,-8.97
KLVKRFKKFFRKLKKS,8.987778823,2081.68,-3.43156,-8.97
GRFKRFRKPFKKLFKKIS,8.996527763,2311.907,-4.60339,-8.97
RCYCRRRFCVCR,4.811376099,1621.03,-7.38635,-8.96
ILPWKKPKKPKRR,6.997112455,1675.153,-2.27776,-8.95
KRIVQRIKDKLR,4.989146615,1552.939,-5.55759,-8.94
VDKPPYLPRPRPPRRIYNH,4.095274369,2371.787,-6.69532,-8.94
VDKPPYLPRPRPPRHIYNR,4.095282553,2371.787,-6.69532,-8.94
GRFRRLRKKTRKRLKKIGKVLKWIPPIVGSIPLGCG,12.95167782,4157.251,-11.52508,-8.94
VDKPPYLPRPHPPRRIYNR,4.095282553,2371.787,-6.69532,-8.94
VDKPPYLPHPRPPRRIYNR,4.095282553,2371.787,-6.69532,-8.94
RRPRPRPRPWWWW,4.990969748,1932.284,-1.54695,-8.93
VDKPDYRPRPWPRPN,1.998042699,1893.145,-6.21159,-8.92
KWCSRVCYRGICYRRCR,5.808305525,2208.708,-8.73395,-8.9
FKFGSFIKRMWRSKLAKKLRAKGKELLRDYA,8.993163616,3773.617,-9.07102,-8.9
KFFKRLLKSVRRAVKKFRKKPRLIGLSTLL,11.98777558,3628.611,-8.43745,-8.87
LKKLKGRVSRSFLFFVKLRPAKRTLKKRIL,11.99636568,3628.611,-8.43745,-8.87
SKCKCSRKGPKIR,5.902962839,1490.87,-8.71366,-8.86
GIKKWPHKPKKFGKKFVKKIKKS,11.09454009,2766.519,-4.3262,-8.85
WRTWRTWRTWRTWRT,4.995968825,2235.555,-5.97415,-8.85
DILIIVGGRRRRRR,4.999207561,1736.114,-8.14178,-8.84
KRKRKILILIKRK,7.988098739,1693.257,-3.11879,-8.83
LRKVRRLLRRL,5.997338604,1478.908,-4.46795,-8.83
KRIKQRIKDFLR,4.989146615,1600.983,-4.97089,-8.83
KRKILILIKRKRK,7.988098739,1693.257,-3.11879,-8.83
KWKKKKKKPKFL,7.987629982,1587.083,-0.7179,-8.82
TLLKKRRWKKAKPP,6.991311692,1750.22,-3.89846,-8.82
LLRRLLRRLLRR,5.99748933,1634.109,-4.41268,-8.82
RLLRRLLRRLLR,5.990957239,1634.109,-4.41268,-8.82
KRIVQRIKDFKR,4.989146615,1586.956,-5.36099,-8.81
RKVKRLFKRWKM,6.990322818,1676.166,-2.54119,-8.81
RKMKRVWKRFKL,6.990326672,1676.166,-2.54119,-8.81
RKLKRFWKRVKM,6.990322818,1676.166,-2.54119,-8.81
KKSYVRRWRS,4.987735871,1365.611,-5.87779,-8.8
LILKRKRKRKRILI,7.996855451,1834.431,-3.45362,-8.8
RKLILKRKRILIKR,7.990315243,1834.431,-3.45362,-8.8
RKRKLILILIKRKR,7.990315243,1834.431,-3.45362,-8.8
FWQRNIRKVRR,4.992480838,1558.865,-5.76192,-8.79
SSRRKPCKGWLCKLKLR,6.902959528,2059.593,-7.69499,-8.78
AGTEKIFQRLKKKIQEGKKIAKRAW,7.00039495,2956.587,-9.42196,-8.77
SPGRPRPFPGRPKPIFRPR,5.992806388,2215.65,-8.09995,-8.77
EVVPKVKKHFKDKENKKKLF,5.09966345,2470.009,-5.3073,-8.76
RFRRLFRIRVRVLKKI,7.990641047,2156.759,-4.51028,-8.76
VVCACRRALCLPLERRAGFCRIRGRIHPLCCRR,7.830079134,3854.827,-15.14307,-8.76
RWRWPIRRPPIRPPFYR,5.990106825,2349.835,-3.00308,-8.75
FWQRRIRIRR,4.992639682,1486.802,-4.59775,-8.74
RGKAKCCKGTKCCKKP,6.811261811,1739.243,-9.40353,-8.72
LRKFRRLLRRL,5.997338604,1526.952,-3.88125,-8.72
GRPRPFPGRPKPIFRPR,5.997330487,2031.455,-6.56805,-8.71
CGGKRIVQRIKDFLRGAGGKRIVQRIKDFLRG,7.955951773,3642.404,-15.18478,-8.71
CGGRLFDKIRQVIRKGAGGRLFDKIRQVIRKG,7.955951773,3642.404,-15.18478,-8.71
RRWYRWAWRMR,4.990110136,1723.057,-2.54405,-8.7
TWLKKRRFKKAKPP,6.991311692,1784.237,-3.70186,-8.69
KWFRVYRGIYRRR,5.987039562,1856.223,-4.14195,-8.69
CTRPNYNKRKRIHIG,5.05280095,1856.198,-9.56139,-8.69
LRLKTRRWKYRVPP,5.996316211,1869.303,-4.17452,-8.66
LRLKKRRWTYRVPP,5.996316211,1869.303,-4.17452,-8.66
WIRYKWRRKKVRYWTGP,6.99375196,2379.857,-3.11572,-8.66
RLRRIWWIRVRR,5.990957239,1766.19,-3.44698,-8.66
RRWRIVVIRWRR,5.990957239,1752.163,-3.83708,-8.64
RRRWIVVIWRRR,5.990957239,1752.163,-3.83708,-8.64
KKPFKFPKKPFRR,6.988101706,1704.15,-2.36586,-8.63
TWLKKRRWKKVKPP,6.991311692,1851.328,-2.58446,-8.61
RLFRRVKKVAGKIAKR,7.990315243,1926.444,-6.44252,-8.61
RRPRPRPRPFFF,4.990952521,1628.959,-4.19965,-8.6
WRWWRRWWRR,4.99594096,1730.03,-0.30215,-8.6
KFFRKLKKSVKKRAKKFFKKPRVIGVSIPF,12.98727959,3637.617,-6.49459,-8.6
RRRRRWWWWW,4.990969748,1730.03,-0.30215,-8.6
RWWRRWRRWW,4.990969748,1730.03,-0.30215,-8.6
WRWRWRWRWR,4.99594096,1730.03,-0.30215,-8.6
AAGRWWRWWRRWWRR,5.997957345,2271.643,-2.21968,-8.6
RVVRQWPIGRVVRRVVRRVVRL,7.990958734,2755.425,-8.84744,-8.6
VKRWKKWWRKLKKSV,7.996648249,2056.589,-1.99156,-8.59
WKRWVQRWKRWLR,5.995619962,1984.401,-1.60942,-8.59
VDKPPYLPTPRPPRRIYNR,3.996469382,2335.75,-7.28032,-8.59
LRRLRLRLLRLLRRLLRLL,7.997490825,2512.287,-4.26204,-8.58
RWCFRVCYRGICYRRCR,5.810522373,2296.821,-7.34928,-8.56
FQNRRMKWKK,4.992163496,1421.744,-4.46426,-8.55
KWCFRVCYRGICYRRCRGK,6.808143715,2454.034,-7.75355,-8.55
RKKKMKKALQYIKLLKE,6.990764118,2146.77,-3.64263,-8.54
VDKPPYLPRPRPPRRIYN,3.996465062,2234.645,-6.14592,-8.54
VKRFKKFFRKLKKS,7.996643575,1840.345,-3.57626,-8.53
RRRFPWVCWPFLRRR,5.94627373,2131.604,-3.65718,-8.51
RKGLQKLVGRVHRLLRK,7.089290913,2057.579,-7.41432,-8.51
GFGCPLNQGACHRHCRSIRRRGGYCAGFFKQTCTCYRN,6.925147313,4326.032,-24.35808,-8.51
FRCRRRFCRF,4.903264633,1446.783,-5.33445,-8.5
RRRLCPIVIRVCRR,5.901590221,1796.304,-6.90358,-8.5
KWCARVCARGACYRRCR,5.809155939,2058.531,-9.66095,-8.5
RRRCPIVVIRVCRR,5.901590221,1782.277,-7.29368,-8.48
GKHKNKGKKNGKHNGWKWWW,7.194009654,2504.9,-7.5081,-8.48
RRGWARRLFFAYGRR,5.990106825,1968.315,-6.72848,-8.47
FKQFYRRVRRYFQKF,5.990609825,2169.576,-4.44902,-8.46
VDKPPYLPRPRPPRRIYNHG,4.095289639,2428.839,-7.57912,-8.46
WWRRTVAKVRNAGRK,5.995620307,1884.234,-7.81602,-8.45
LQLKKRRWKYRVPP,5.996157367,1868.315,-3.42409,-8.43
LRLKKRQWKYRVPP,5.996157367,1868.315,-3.42409,-8.43
KWCFRVCYRGGCYRRCR,5.808305525,2212.699,-7.89825,-8.43
RRRKLDLKLDLKLDL,2.992660561,1895.331,-4.93699,-8.43
VWRKWRRFWKR,5.997284144,1704.073,-1.37192,-8.42
KRAKKFFKKPK,6.987943207,1405.804,-2.70493,-8.41
GWWRRTVDKVRNAGRKV,4.997901657,2084.428,-9.10422,-8.41
AWLKKRRWKKAKPP,6.997154798,1793.248,-2.58146,-8.4
RKIKRYLRRMI,5.989797256,1532.977,-3.60292,-8.4
QEWCRGLGGFCSFYQCRPGHDLGPQDCWPERRCCRWGK,1.82733764,4519.185,-18.20145,-8.39
GKPRPYTPRPTSHPRPIRV,5.095302657,2212.599,-9.65452,-8.38
AGKKTIRQYLKNKIKKKGRKWVIAW,9.995832135,3042.772,-7.34696,-8.38
AGGKRIVQRIKDFLRGAGGKRIVQRIKDFLRG,7.998763636,3610.337,-15.09468,-8.38
RFRWPIRRRPIRPPFYP,5.990101807,2310.798,-3.48438,-8.37
RFRWPIRRPPIRPPFYR,5.990106825,2310.798,-3.48438,-8.37
RRWRIVVIRVRR,5.990957239,1665.082,-4.90508,-8.37
RWRRIVVIRVRR,5.990957239,1665.082,-4.90508,-8.37
IRRRIRLIVRRQI,5.9979181,1748.213,-6.05248,-8.37
RCFRRRGKLTC,4.901425026,1395.732,-7.41102,-8.36
GFFCPYNGYCDRHCRKKLRRRGGYCGGRWKLTCICIMN,7.82588333,4533.458,-17.26018,-8.36
KRRLIARILRLAIRALVKKR,8.98841277,2444.164,-6.38548,-8.36
APKAMRLLRRLLRRLLR,6.997795191,2132.759,-5.56058,-8.32
RVRRPVYIPQPRPPHPRL,5.088931425,2234.697,-6.42275,-8.32
KRAKHRCRVYNNGLPTGLYRWC,5.996317209,2692.187,-10.99512,-8.32
PKAMRLLRRLLRLQKKG,6.999271042,2077.675,-6.07972,-8.31
RKKKMKKALQY,5.989313666,1421.825,-3.81253,-8.3
KWKVFKKIEKMARNIRNKIVK,7.989552864,2658.357,-5.67056,-8.3
CLRKLRKRLLRC,5.910134624,1558.053,-4.91382,-8.3
KKIMRTFLRRISKKILTGKK,8.987936584,2446.149,-7.21509,-8.3
KWCFRVCYRGACYRRCR,5.808305525,2226.726,-7.50975,-8.29
RRIRIIIRIRR,5.990957239,1520.949,-4.94358,-8.28
RRRIIIIIRRR,5.990957239,1520.949,-4.94358,-8.28
FKKFFKKLKNSVKKR,7.991517844,1926.435,-4.35033,-8.28
FLFSAGKAIHRLIRRRRR,7.091287387,2253.748,-8.35238,-8.28
VDKPPYLPYPRPPRRIYNR,3.995618968,2397.821,-5.71282,-8.28
RKKRLKLLKRLV,6.990324656,1551.055,-3.12269,-8.27
KIAKRIWKILRRRLFR,7.988416081,2153.755,-3.40925,-8.27
IGKKWKRIVKRIKKFLRKL,9.996792951,2439.183,-2.69789,-8.27
IGKKFKRIVKRIKKWLRKL,9.996792951,2439.183,-2.69789,-8.27
RRCICTTRTCRFPYRRLGTCIFQNRVYTFCC,6.721142381,3838.639,-17.03451,-8.26
GRRYKKFKWRFRGRFWFWG,7.99616285,2665.167,-3.18665,-8.26
RWCVYAYVRVRGVLRRYRRCW,6.899044864,2817.409,-6.58891,-8.25
RWCRYAYVRVRGVLVRYRRCW,6.899044864,2817.409,-6.58891,-8.25
RWCVYAYRRVRGVLVRYRRCW,6.899044864,2817.409,-6.58891,-8.25
AGKKTIRQYLKNKIKKKWRKAVIAW,9.995832135,3056.799,-6.95846,-8.24
RKKRLKVVKRLV,6.990324656,1523.001,-3.90289,-8.23
NIKISGKWKAQKRFLKGGGRLLRPLLQLLKQKLR,10.98461802,3986.966,-11.50362,-8.23
AKRHHGYKRKFH,5.293065041,1564.828,-5.61566,-8.21
CFQWKRNMRKVR,4.954831107,1652.037,-5.77459,-8.21
WKRWVQRWKRFLR,5.995619962,1945.364,-2.09072,-8.21
GVCRCLCRRGVCRCLCRR,5.729388274,2112.715,-11.53468,-8.2
KWKLFKKKTKLFKKFAKKLAKKL,11.98698136,2879.763,-1.331,-8.19
RKGSRMGKKCECP,3.902887106,1479.824,-8.63176,-8.18
WIRRIKKWIRRVHK,7.094271323,1975.479,-2.65112,-8.18
FIRWRFRWWRWRR,5.99263637,2107.519,-0.77698,-8.18
GVCRCVCRRGVCRCVCRR,5.729388274,2084.661,-12.31488,-8.16
RCVCRRGVCRCVCRRGVC,5.722846521,2084.661,-12.31488,-8.16
GIKKWPHKPKKFGKKFVKKIKNS,10.09470225,2752.448,-5.5798,-8.13
FWQRNWRWRR,3.992642993,1590.825,-3.62982,-8.13
IRCRRRFCRI,4.908554393,1378.749,-5.72765,-8.12
GRRPRPRPRPFFF,4.997484612,1686.011,-5.08345,-8.12
FAKKLAKLKKKLAKLAKKR,9.991193534,2211.912,-3.94433,-8.12
RWCVYARVRGVRYRRCW,5.899898589,2285.751,-6.44178,-8.12
VPKPPYLPRPRPPRRFYNH,5.094550457,2387.833,-5.46722,-8.11
RRGWARRLFAAFGRR,5.990957239,1876.218,-7.65688,-8.11
RRGWARRLAFAFGRR,5.990957239,1876.218,-7.65688,-8.11
RGLFKKLARKIKKGFKK,8.989835746,2046.635,-4.50896,-8.1
KWCARVCYRGICYRRCR,5.808305525,2192.709,-7.70635,-8.1
RRWQWRLCYCRRRFCVCVG,5.811379874,2547.123,-7.68248,-8.1
RKVRGPPGGGRLLRPLLQLLKQKLR,7.990474086,2850.559,-9.70925,-8.07
KWFRFYRFFYRRR,5.987039562,2028.409,-1.74735,-8.06
KNNRPVYIPKPRPPHPRL,5.086555733,2179.613,-6.86199,-8.05
LPRIPRLPRYPRYPR,4.995791813,1950.377,-3.93225,-8.03
LLGDFFRKSKEKIGKEFKRIVQR,5.000962648,2823.392,-8.20789,-8.01
KWKVFKKIEKMIRNIRNKIAK,7.989552864,2672.384,-5.28046,-8
WSRKWKRKWKW,5.995311472,1675.027,-0.82286,-8
KWCFRRCYAGICYRRCR,5.808305525,2240.753,-7.11965,-7.99
KWCFRACYRGICYRRCR,5.808305525,2240.753,-7.11965,-7.99
GCRRFKKFKKWRYRGRFWFWCFG,8.906633676,3146.811,-4.01615,-7.99
WRIRWKTRWRIK,5.995620307,1785.188,-2.31282,-7.98
LRLKKRHWKYRVPP,6.094970538,1877.326,-2.72379,-7.98
LHLKKRRWKYRVPP,6.094970538,1877.326,-2.72379,-7.98
LRLKKHRWKYRVPP,6.094970538,1877.326,-2.72379,-7.98
KRFIKWYNAWNEKRRVY,4.988498056,2357.759,-4.74319,-7.98
RRCVYAYVRVRGVLVRYRRCW,6.899044864,2730.328,-7.65691,-7.98
KRFKKFFKKVKKSVKKRLKKIFKKPMVIGVTIPF,14.98679644,4152.394,-4.60786,-7.96
AQWRRWWQWRR,3.997963968,1714.968,-3.25372,-7.96
KRLWKRIYRLLKK,6.98741048,1801.312,-1.62159,-7.96
CWQRNIRKCR,3.910309752,1362.658,-6.54909,-7.95
RRLMAAKAESRK,3.992418331,1416.722,-7.50509,-7.95
VKRTKRGARRGLTKVLKKIFGSIVKKAVSKGV,11.99631732,3510.385,-14.46912,-7.95
GLRKRLRKFINKIKIK,7.996688835,2011.59,-4.91489,-7.94
RRRWWWFRRRWWWF,5.990949209,2366.787,1.10972,-7.94
KWCRCVCRRGICYCRCRG,5.719796007,2221.798,-9.69875,-7.92
VDKPPYLPRPRPPRAIYNR,3.996469382,2305.724,-6.64122,-7.92
IHKFWRCRRRFCRWFKHI,7.105856425,2576.165,-3.72625,-7.92
VDKPPYLPRPRPPRRIYNA,3.996476468,2305.724,-6.64122,-7.92
KRRLILRILRLAIRALVKKR,8.98841277,2486.245,-5.35928,-7.92
FRIRVRVFKRIVQRIKDFLR,6.993035972,2646.288,-5.93218,-7.92
MPKRKAEGDAKGDKAKV,2.996301589,1829.161,-8.88463,-7.91
AWKKTIRQYLKNKIKKKWRKAVIAW,9.995832135,3185.961,-4.86586,-7.91
KREKKLGEFGKAKGSRAI,4.991660069,2003.387,-9.19776,-7.91
RGGRLCYCRRRFCVCVGR,5.811372788,2160.668,-10.61798,-7.91
LVKRFKKFFRKLKKSVK,8.996367837,2180.813,-3.29076,-7.89
IGKKFKRIVKRIKKFLRKL,9.996792951,2400.146,-3.17919,-7.89
SRRYKKFRWKFKGRWFWFG,7.991479907,2667.179,-2.96002,-7.89
KRIVKRIKKWLR,6.988260549,1624.109,-2.44479,-7.88
FWRRWQWRRRWF,4.992631652,1966.301,-1.30565,-7.88
GVCRCLCRRGVCRCICRR,5.729388274,2112.715,-11.53468,-7.88
NFFKRIRRAGKRIRKAIISA,7.985270411,2401.95,-9.45855,-7.87
LRLRLKTRLRLK,5.997171988,1566.026,-4.34652,-7.87
KIWFQNRRMKWKK,5.988264205,1849.293,-3.11076,-7.86
VKRWKKWWRKWKKWV,7.996648249,2228.779,1.41804,-7.85
RLPRYPRYPRWPRHPTIYA,5.087229565,2495.933,-5.00035,-7.85
VKRWKKWRWKWKKWV,7.996648249,2228.779,1.41804,-7.85
KRFKKFFKKPK,6.987943207,1481.902,-1.48213,-7.84
FQWQRNIRIRR,3.992642993,1572.848,-6.23532,-7.84
RRRRRWFWFW,4.990969748,1651.956,-1.26475,-7.84
WPSPGRPRPFPGRPKPIFRPR,5.995778805,2498.981,-6.90015,-7.84
WKRRIKIWKKIR,6.995298964,1711.19,-1.37679,-7.83
KQKLAKLKAKLQKLKQKLAKL,8.987467827,2448.18,-5.6119,-7.83
RRICRCRIGRCLGLEVYFGVCFLHGRLARRCCR,7.822584129,3942.892,-14.74147,-7.83
GNNRPIYIPRPRPPHPRPIRV,5.0954615,2502.97,-8.95535,-7.81
LRLKKRRWWYRVPP,5.996316211,1954.412,-1.83132,-7.8
LRLWKRRWKYRVPP,5.996316211,1954.412,-1.83132,-7.8
LRLKWRRWKYRVPP,5.996316211,1954.412,-1.83132,-7.8
RRRRRWWWWWW,4.990969748,1916.244,0.90665,-7.79
RWCVYRYVRVRGVLVRYRRCW,6.899044864,2845.463,-5.95281,-7.79
PPRLPRPRPRPLPFPRPG,4.999754195,2103.562,-5.60315,-7.78
NNNPRPPYLPRPRPP,2.984900979,1785.049,-7.86069,-7.77
RHCLRSKRPPNVCPH,4.099056158,1800.159,-9.01609,-7.77
KRKLILKRILIKRK,7.988098739,1806.417,-2.58789,-7.77
RRWQWWWQWRR,3.990963862,1830.103,-1.54962,-7.77
RRIPRPILLPWRPPRPIPRPQPQPIPRWL,6.990962045,3600.435,-5.31451,-7.77
KLKKKLKKLLKK,7.987622209,1496.055,-1.0525,-7.76
RRAAHGLLPRLRAPPPFHKR,6.188424738,2346.833,-7.91665,-7.76
FWQRNWRFRR,3.992642993,1551.788,-4.11112,-7.75
VKRWKKFWRKWKKWW,7.996651345,2276.823,2.00474,-7.74
VDKPPYLPRPWPPRRIYNR,3.996469382,2420.859,-4.93712,-7.73
KKYRYHLKPFSKK,6.085217704,1723.105,-3.22613,-7.72
KACFRVCYRGICYRRCR,5.808305525,2153.672,-8.18765,-7.72
KWYKKWYKKWYKKWYK,7.984220552,2440.975,3.3915,-7.72
LPRIPRLPRYPRYPRWPRHPTIYA,6.093758345,3072.676,-5.20848,-7.7
SRWRWKSSKKGSG,4.992499099,1549.762,-9.19056,-7.7
KKWWKWWKKWWRR,6.988101706,2088.552,2.73144,-7.7
KKIMRTFLRRISKDILTGKK,6.988822651,2433.062,-7.86939,-7.7
KRLWKIRQRIAK,5.988423048,1596.011,-3.94439,-7.69
SGKLYYRRKK,4.990791529,1298.56,-4.75856,-7.68
RFRWPIRRRPIRPPFYW,5.990116022,2399.895,-2.26658,-7.68
AKRRLLKKMK,5.997322316,1271.692,-3.33076,-7.68
RGGRLCYCRRRFCVCE,3.813151919,1977.409,-9.27345,-7.68
KWCFRVSYRGIAYRRCR,5.897672544,2220.672,-7.33095,-7.67
KWSFRVCYRGICYRRAR,5.897672544,2220.672,-7.33095,-7.67
KWCFRVAYRGISYRRCR,5.897672544,2220.672,-7.33095,-7.67
KWAFRVCYRGICYRRSR,5.897672544,2220.672,-7.33095,-7.67
RGLFKKLLRKIKKGFKK,8.989835746,2088.716,-3.48276,-7.66
AACSDRAHGHICESFKSFCKDSGRNGVKLRANCKKTCGLC,4.929895075,4303.024,-25.94939,-7.66
ILRWKWRWWRWRR,5.99775114,2084.525,0.37345,-7.66
FYPRPYRPPYLPDPRPFPRPLPAFGHEFRRH,4.19020232,3877.493,-6.58578,-7.66
RRGWARRLVFAFGRR,5.990957239,1904.272,-7.02078,-7.65
FTGGNCRGFRRRCFCTR,4.858589154,2037.399,-12.47985,-7.65
FIHHIIGRRRRR,5.190266023,1616.953,-6.00855,-7.64
RGLRRLGRKIAHGVKKYG,7.088447241,2065.514,-8.66612,-7.64
GRRPRPRPRPWWWWW,4.997501839,2175.55,-1.22195,-7.64
FWQRNLRLRR,3.992642993,1444.717,-4.98562,-7.63
LTLKKRRWKYRVPP,5.996157367,1841.289,-3.30879,-7.63
KLRKLFRKLLKLIRKLLR,8.988095083,2336.103,-2.05052,-7.63
QKRPRVRLSAGGGWKKIWKPGIKKWIK,9.991511566,3202.952,-7.47599,-7.63
WKKIWKPGIKKWIKGGGQKRPRVRLSA,9.994819586,3202.952,-7.47599,-7.63
SGKLCCRRKK,4.903125338,1178.5,-6.79556,-7.62
RTHRAGLQFPVGRVHRLLRK,6.188425082,2397.878,-9.88535,-7.62
HARIKPTFRRLKWKYKGKFW,8.090450609,2647.23,-3.47769,-7.62
RRWKIVVIRWRR,5.990798396,1724.149,-2.97135,-7.61
RKIKRYLRRMIW,5.989798335,1719.191,-2.39412,-7.59
RRLWKKTWKRLW,5.990489906,1757.174,-1.44709,-7.59
RRRWWWFPSGSPRRRWWWF,5.990949209,2792.229,-2.83788,-7.58
RWRWRWFPSGSPRWRWRWF,5.990949209,2792.229,-2.83788,-7.58
RWLKKRRWKYYVPP,5.988774862,1976.414,-1.06339,-7.57
FWQRNIRWRR,3.992642993,1517.771,-4.30772,-7.56
FAVGLRAIKRALKKLRRGVRKVAKDL,8.992560937,2963.719,-9.26205,-7.56
LRLLKRRWKYRVPP,5.996316211,1881.358,-2.50922,-7.55
LRLKLRRWKYRVPP,5.996316211,1881.358,-2.50922,-7.55
GNNRPVYIPQPRPPRPRL,3.996653656,2127.493,-8.92562,-7.55
GYCFTACYRRNGARICYRRCN,4.816203042,2546.984,-13.30225,-7.55
KWKVFKKIEKMIRNIRNKIVK,7.989552864,2700.438,-4.64436,-7.54
RRLCRIVVIRVCRR,5.901590221,1798.32,-6.75378,-7.54
RNPRPVYIPQPRPPHPRL,4.088934736,2190.596,-6.96042,-7.53
RWCFRVCYRGICYRKCR,5.81036353,2268.807,-6.48355,-7.53
KWCFRVCYRGICYRRCR,5.808305525,2268.807,-6.48355,-7.53
YCKFKVKPKFKRWKLKFKGRMWCP,9.9007858,3133.999,-1.80976,-7.53
CVRVRVRPGRVRVRVC,5.910452311,1910.408,-8.81688,-7.52
VDKPPYLPRPKPPRRIYN,3.996306219,2206.631,-5.28019,-7.51
RLRWVRIWRR,4.990960551,1496.841,-2.72595,-7.51
RFRPPIRRPPIRPPFYPPFRP,5.990101807,2660.229,-4.00168,-7.51
GRRGGGGGRGGGRGGRGGGGGR,5.99748933,1867.981,-21.73888,-7.5
RGLRRLARKIAHGVKKYG,7.088447241,2079.541,-8.27762,-7.5
RALRRLGRKIAHGVKKYG,7.088447241,2079.541,-8.27762,-7.5
LKKLACRLKKLACRLKKLACR,8.862475808,2457.267,-6.21619,-7.5
KRFKKFFKKVKKSV,7.987786809,1798.304,-3.10063,-7.48
WRNGRWWRNGRW,3.995953468,1729.939,-5.30622,-7.48
RGCYTRCWKVGRNGRVCMRVCT,5.811241809,2605.178,-13.33175,-7.48
KRAKKFFKKLK,6.987943207,1421.847,-2.16503,-7.47
LVKRFKKFFRKLKKS,7.996531074,1953.505,-3.04536,-7.47
VKRWKKWFRKWKKWV,7.996648249,2189.742,0.93674,-7.47
FWQRKIRKVKK,5.992001341,1516.908,-2.77686,-7.45
WRVRWKVRWRVK,5.995620307,1755.162,-1.81782,-7.45
VRKPPYLPRPRPRPL,4.996604002,1842.277,-3.89872,-7.44
ATLTAKDLTFLQDYKKTKKRVK,4.997598727,2597.105,-9.62043,-7.43
GQLNKFIKKAQRKFHEKFAK,6.097121597,2446.938,-7.62473,-7.42
KLKSLLKTLSKAKKKKLKTLLKALSK,10.98713574,2938.822,-7.9156,-7.42
RWRRLLKKLHHLLHGGGFKKFWKWFRRF,10.28658126,3735.567,-3.38585,-7.42
FKKFWKWFRRFGGGRWRRLLKKLHHLLH,10.28826024,3735.567,-3.38585,-7.42
CCRNTWARNCYNVCRLPGTISREICAKKCRCKIISGTTC,6.64279281,4426.358,-23.67115,-7.42
RRPRPRPRPFFFF,4.990952521,1776.136,-3.47215,-7.41
FLKHIKSFWRGAKAIFRGARQGWREHR,7.191554682,3339.925,-9.97105,-7.41
KWWCFRVCYRGICYRRCRWK,6.808143715,2769.41,-4.45215,-7.41
RCYCRRRFCVCVGR,4.811376099,1777.215,-8.12935,-7.4
KWKLFKKIFKRIVQRIKDFLRN,7.988655832,2905.633,-3.90289,-7.4
KWCFRVCYRAICYRRCR,5.808305525,2282.834,-6.09505,-7.39
QPEWFKARRWQWRMKKLGA,4.993942049,2502.99,-4.91139,-7.37
KVWKIKKNIRRLLHGIKRGWKG,9.086756497,2715.395,-5.78719,-7.37
RGLRRLARKIAHAVKKYG,7.088447241,2093.568,-7.88912,-7.36
RLCPRVRIRVCR,4.901593532,1526.955,-6.18255,-7.35
QDLCHNLGGRCFRNRCSWSLRNHGGQDCPWGSVCCKP,2.923448928,4191.802,-23.71852,-7.35
RKWRIVVIRVRR,5.990798396,1637.068,-4.03935,-7.34
SKKSKPGDGIRGKGVRG,4.993060856,1727.007,-11.97776,-7.34
RKRKILILIKRK,6.990318899,1565.082,-2.73259,-7.33
KRKILILIKRKR,6.988260549,1565.082,-2.73259,-7.33
KWWKLLRKKR,5.988263861,1441.841,-0.65576,-7.32
FIKWRSRWWKKRT,5.992187705,1878.269,-2.77339,-7.32
FIKRKSRWWKWRT,5.992187705,1878.269,-2.77339,-7.32
LRLKKRRWKYYVPP,5.995306953,1903.36,-1.74129,-7.32
VRRVRKWVRRVLKLV,6.997286934,1963.509,-4.14395,-7.32
KWCFRVCGRGICYRRCR,5.809155939,2162.683,-7.80045,-7.31
KRRKLAFRAFRFALKAVLKK,8.988095428,2448.106,-5.09042,-7.31
GVVVRVGRVVVRWVRRRR,6.997486019,2204.72,-8.28241,-7.3
VCRKPVVCRKPVVCRKPVVCRKPVVCRKPV,9.773382923,3432.48,-9.84115,-7.3
FKRQVQRIKDFLR,3.993045906,1734.089,-5.49699,-7.29
KAKKHRCRVYNNGLPTGLYRWC,5.996158365,2664.173,-10.12939,-7.29
KRKKHRCAVYNNGLPTGLYRWC,5.996158365,2664.173,-10.12939,-7.29
GNNKPVYKPQPRPPHPRL,4.09514914,2095.447,-8.27446,-7.27
KKYRYHLKPFCKK,6.040534195,1739.173,-2.28863,-7.25
RGGRLCYARRRFAVCVGR,5.900739806,2096.534,-10.43778,-7.25
RGGRLAYCRRRFCVAVGR,5.900739806,2096.534,-10.43778,-7.25
WKLLSKAQEKFGKNKSRC,4.952225383,2151.573,-8.82153,-7.25
RAGLQWPIGRLLRRLLRRLLR,6.990953928,2613.263,-6.91561,-7.25
KFKKFKKFKKFK,7.987622209,1632.123,-0.2661,-7.24
IGKKFKRIVQRIKKFLRKL,8.996955106,2400.102,-4.04269,-7.24
RLFRRVKKVAGKIAKRI,7.99032336,2039.604,-5.91162,-7.23
GRRYKKFRWKFKGRWFWFG,7.996004006,2637.153,-2.32092,-7.23
RQLKSSRRGALVCVRLKLCSAILSRGLSCGMFSCNARR,8.811895581,4198.131,-23.16491,-7.23
RALRRLARKIAHAVKKYG,7.088447241,2107.595,-7.50062,-7.22
RKKKVKLLKRLV,6.990165813,1509.014,-2.64706,-7.22
FKRNVQRIKDFLR,3.993045906,1720.062,-5.88709,-7.22
FIHHIIGGLFSAGKAIHRHHRRRRR,7.48654007,3029.58,-11.78668,-7.22
RGLRRLGRKIAHGVKKYGPTVLRIIRTAT,9.088461397,3288.016,-13.34398,-7.21
RKKKLKVVKRLV,6.990165813,1494.987,-3.03716,-7.2
KWLRRPWRWWR,4.988743702,1726.079,-0.12332,-7.2
WRKAWRPGAKRWAK,5.995461463,1797.155,-3.75319,-7.2
GKPRPYSPRPTPHPRL,4.095307984,1856.172,-7.40899,-7.2
RWKYPKPLKR,4.989633606,1371.702,-1.59416,-7.19
GYCFTACARRNGARICYRRCN,4.817053456,2454.887,-14.23065,-7.19
QGSPARCRFCCRCCPRMRGCGICCRF,5.635160265,2970.709,-15.99478,-7.19
IGKLFKRIHERIKRFLRSFLRILR,8.098011812,3096.872,-5.93348,-7.19
LKRVWKAVFKLLKRYWRQLKPVR,8.995834765,3012.793,-2.65502,-7.18
KWCFRVCYRGICARRCR,5.809155939,2176.71,-7.41195,-7.17
KWCFRVCARGICYRRCR,5.809155939,2176.71,-7.41195,-7.17
RWIRWVWRKKLR,5.990639553,1783.216,-1.03762,-7.17
RAGLQFPVGRLLRRLLRRLLR,6.990953928,2560.199,-7.78701,-7.17
VDKPPYLPIPRPPRRIYNR,3.996469382,2347.805,-5.61502,-7.16
FAKKFAKKFAKKFAKKFAKKFAKK,11.99071073,2865.651,-3.3277,-7.14
KFAKKFAKKFAKKFAKKFAKKFAK,11.98697359,2865.651,-3.3277,-7.14
KLLKKLKKKLKKLLK,8.987460054,1850.55,-0.3769,-7.14
LKKLKKLLKKLKKKL,8.996057923,1850.55,-0.3769,-7.14
KYAKKAAKYAKKAAKYAKKAA,8.984915553,2300.829,-6.7207,-7.14
AKKFAKKFAKKFAKKFAKKFAKKF,11.99602333,2865.651,-3.3277,-7.14
QWWGGRGGGRWRGGWRGGWRGRGRGWW,6.992642256,3227.591,-12.24371,-7.13
WLNAKRHHGYKRKFH,5.291045344,1978.306,-5.51576,-7.12
FQWQRNIRKVR,3.99248415,1530.807,-5.75969,-7.11
CREKAKKLFKKILKKL,6.955810196,1974.586,-2.92183,-7.11
GYCFTACYLRNGRRICYRRCN,4.816203042,2589.065,-12.27605,-7.11
RCRKGLFCRPKCGQKEHVIGTCPKGLICCR,6.82280248,3391.232,-14.29662,-7.11
FKRIVQRIKDQLR,3.993045906,1700.072,-5.69359,-7.1
GNNRPVYIPRPRPPHPRL,4.095466827,2136.504,-8.22532,-7.1
FKCRRWQWRMKKLGAPS,5.947477758,2178.675,-5.83309,-7.1
GRRKRKWLRRIGKGVKIIGGAALDHL,8.096389223,2955.615,-10.35545,-7.1
KWKSFLKTFSKAKKKKLKTLLKAISK,10.98713574,3079.91,-6.8445,-7.09
FWQRNIRKYR,3.991633735,1466.719,-4.21769,-7.08
LVQRGRFGRFLRKIR,5.997330487,1902.337,-6.56115,-7.08
AAGGVKKPKKAAAAKKSPKKPKKPAAA,9.996362752,2628.259,-11.5919,-7.08
RPPIRRPPIRPPFYPPFRPPIRP,5.990101807,2820.446,-4.21628,-7.08
RWCFRVCYRGICYRKCRG,5.810370616,2325.859,-7.36735,-7.05
RFGRFLRKILRFLRK,6.990636586,2006.533,-3.69625,-7.04
LKKLLKKLLKKLLKKLLKKLLKKLLKKLLKKL,15.99492284,3879.375,2.2287,-7.04
RRRRRRAAFAAWAAFAA,5.990964326,2004.349,-8.89668,-7.03
FKRIVQRIKDNLR,3.993045906,1686.045,-6.08369,-7.03
RRRAAFAAWAAFAARRR,5.990957239,2004.349,-8.89668,-7.03
KWKKLLKKLLKLLKKLLKKLKKLLK,12.98681144,3115.264,1.9416,-7.03
KVVKKVKKKVKKVVK,8.987460054,1766.388,-2.7175,-7.02
RRWQWRMKKLGA,4.99064995,1615.982,-4.05709,-7.02
KLWKKWKKWKK,6.987784364,1587.042,1.3674,-7.01
RAKIAKKIEKVGRNVRDGIIKA,5.99266252,2464.011,-9.95229,-7.01
KRAVQRIKDFLR,3.98930877,1529.86,-5.47009,-7.01
FWQRNIRIRR,3.992642993,1444.717,-4.98562,-6.99
AKAVKPKTAKPKTAKPKTAKA,7.996687062,2163.688,-9.4373,-6.99
GLLRKWGKKWKEFLRRVWK,6.998463958,2515.108,-2.10389,-6.99
RFRPPWRRPPIRPPFYP,4.990105118,2235.683,-2.78135,-6.98
RKGCRCKNGFCVCR,4.811908826,1630.034,-9.49539,-6.98
RRRRRWWWWWWW,4.990969748,2102.458,2.11545,-6.98
RICRCICGRRICRCICGR,5.722856183,2140.769,-10.75448,-6.96
TWLAKRRWKKAKPP,5.991473847,1766.178,-3.32966,-6.95
TWLKKRRWKAAKPP,5.991473847,1766.178,-3.32966,-6.95
TWLKKRRWKKAAPP,5.991473847,1766.178,-3.32966,-6.95
GFCWNVCVRRNGVRVCHRRCN,4.917567455,2535.025,-13.42465,-6.95
GRRPRPRPRPFFFF,4.997484612,1833.188,-4.35595,-6.93
KIAKRIWKILRRRL,6.98842751,1850.389,-2.88482,-6.93
YNKKYMKHLKPCKKA,6.043775103,1880.365,-4.0476,-6.93
KCWNLRGSCREKCIKNEKLYIFCTSGKLCCLKPK,6.722376516,3994.941,-13.78856,-6.93
FKRINQRIKDFLR,3.993045906,1734.089,-5.49699,-6.92
KKWRKLLKKLKKLL,7.987788825,1823.443,-0.17853,-6.92
KRLFKKLKFSLRKY,6.987252349,1855.356,-2.56346,-6.92
AQRHHGYKRQFH,3.29338935,1564.74,-7.34266,-6.91
KRIVKRIKDFLR,4.989146615,1571.985,-3.58039,-6.9
RRIWRRWIRI,4.990968668,1510.868,-2.33585,-6.89
RRIIRRIWRW,4.990969748,1510.868,-2.33585,-6.89
IKIKRRRFKIKI,6.997279415,1599.099,-2.53599,-6.88
ARRLGMNPWKTPPAKPKGSK,5.997322316,2220.684,-9.24886,-6.88
RCPGRTRQIGTIFPGRIKCRSW,5.901440574,2589.107,-12.08495,-6.88
RKKKLKFFKRLF,6.990151681,1639.119,-1.27706,-6.87
SGGYCGGWKRKRCTSYRSG,4.901590095,2109.389,-13.83259,-6.87
CGGYSGGWKRKRSTSYRCG,4.908453855,2109.389,-13.83259,-6.87
KWCFRVAYRGIAYRRCR,5.897672544,2204.673,-6.30335,-6.87
KWAFRVCYRGICYRRAR,5.897672544,2204.673,-6.30335,-6.87
GFGCPLNQGACHNHCRSIKRRGGYCSGIIKQTCTCYRK,6.92483429,4217.969,-24.04742,-6.87
FWQRNIRKVKKKI,5.992009114,1744.172,-3.88576,-6.85
AGTEKIFNRLKKTINEWKKIAKRAW,6.000557105,3030.625,-8.85776,-6.85
KRIVQRIKKFLR,5.988422704,1585.028,-3.78959,-6.85
KFFKKLKNSVKKRAKKFFKKPRVIGVSIPF,11.9872829,3595.532,-6.88246,-6.85
GFGCPNNYQCHRHCKSIPGRCGGYCGGWHRLRCTCYRC,5.93374102,4351.088,-22.15755,-6.85
FKRHVQRIKDFLR,4.091859077,1743.1,-4.79669,-6.84
FWQRNWRKVR,3.99248415,1475.73,-3.83209,-6.83
YKARRWAWRMK,4.991127799,1551.894,-2.51669,-6.83
FYQRNIRKVR,3.991633735,1379.638,-5.28569,-6.81
CFQWKRAMRKVR,4.954831107,1609.012,-4.63009,-6.81
KISKKIMRTFLRRILTGKK,7.988098739,2317.974,-6.82889,-6.8
RFRPPIRRPPIRPPWYP,4.990105118,2201.666,-2.97795,-6.79
RWRPPIRRPPIRPPFYP,4.990105118,2201.666,-2.97795,-6.79
RFRPPIRRPPIRPPF,4.990952521,1902.336,-3.88335,-6.79
GACRAIRHIPRRIR,5.051622303,1675.055,-7.77165,-6.78
GNNRPVYIPRPRPPHPRI,4.095466827,2136.504,-8.22532,-6.78
LWLKKRRWKYRVPP,5.996157367,1926.398,-0.96559,-6.77
LRLKKWRWKYRVPP,5.996157367,1926.398,-0.96559,-6.77
FRRFRKWFRRFLKLF,6.992307342,2203.729,-1.21045,-6.77
WKKLKKLLKKLKKLLKKL,9.994344087,2278.099,0.9766,-6.77
KLLLRLRKLLRR,5.988581547,1578.081,-2.68122,-6.76
RKKKFKFFKRLF,6.990151681,1673.136,-1.08046,-6.74
GRLIDKIARKLVKKIQRFARKFF,7.997401061,2832.539,-6.21202,-6.74
KKWRKWLAKK,5.988105362,1371.746,-0.81623,-6.73
FWQRNIRKVKK,4.992163496,1502.837,-4.03046,-6.73
FPRRWQWRRPF,3.992634963,1631.918,-2.48932,-6.73
RRLCRIVWVIRVCRR,5.901590221,1984.534,-5.54498,-6.73
GLRRLLGRLLRRLGRLLLR,6.997486019,2300.934,-6.72331,-6.73
CVRVRVRPGRVRVRVCW,5.91047117,2096.622,-7.60808,-6.71
RLLRLLRLRRLLRL,5.990965357,1860.429,-3.35088,-6.7
RLLRLLRRLLRLLR,5.990957239,1860.429,-3.35088,-6.7
KRRLAAFRAFRGALKSVLKK,7.988257582,2316.884,-7.83842,-6.7
KRIVQRIKDFAR,3.98930877,1529.86,-5.47009,-6.69
KKYKAYFKFKCKK,6.941400026,1710.171,-1.5494,-6.69
RKRAIVKRKVAA,5.990487795,1395.77,-5.67429,-6.69
KSLRPRCWIKIKFRCKSLKF,7.898723346,2538.23,-5.21149,-6.68
AKRLKKLAKKIWKWK,7.996839163,1925.495,-1.02213,-6.67
YKARRWAWRWK,4.991127799,1606.908,-1.54579,-6.66
IRIRIRPIRIRIRP,5.997904964,1828.343,-4.43068,-6.66
KFVRLKIYCRDKNKGRGISF,5.943442507,2428.945,-8.32169,-6.66
FKRIVQRIKDHLR,4.091859077,1709.083,-4.99329,-6.65
EWFKARRWQWRMKKLGA,4.999167201,2277.742,-3.65269,-6.64
EWFKARRWGWRMKKLQA,4.999167201,2277.742,-3.65269,-6.64
RRWPWWPWRR,3.990963862,1581.861,-0.27702,-6.64
ILPWKKPKKPWRR,5.997274609,1733.192,-0.68276,-6.64
GDCKGIRRRCMCSKPL,3.863856456,1823.277,-9.41119,-6.64
KRIVQRIKDWLR,3.98930877,1610.978,-3.96259,-6.63
GLRRALLRLLRSLRRLLLRA,6.997493105,2416.066,-7.46921,-6.63
AIRCLAKRRK,4.952959805,1214.556,-5.12889,-6.62
KWKLFKKIFKRIVQRIKDFLR,7.988660151,2791.529,-2.26309,-6.62
KSCCRNTTARNCYNVCRIPG,3.809169648,2259.658,-15.56449,-6.61
CKRFRIRVRV,4.954996052,1332.695,-4.52582,-6.6
GLIRRKRRIIRWL,5.997338604,1736.201,-3.75285,-6.6
RGGRLAYARRRFAVAVGR,5.990106825,2032.4,-10.25758,-6.59
RLFRRVKKVAGK,5.990481054,1457.841,-4.83999,-6.58
SGKLWWRRKK,4.992492357,1344.636,-3.20716,-6.58
KKKKFVKKVAKKVKKVAKKVAKVAVAV,12.98681719,2979.926,-5.7297,-6.57
GGHGRRWKIVVIRWRR,6.096143658,2032.447,-6.17215,-6.57
GRAKRFRKKAKKLFKKLSPVIPLLHL,10.09518547,3073.918,-5.72919,-6.57
KKWRKWLKALAKK,6.987943207,1684.16,-1.16683,-6.55
RKKKFKIFKRLF,6.990151681,1639.119,-1.27706,-6.55
PRPRPRPLPFPRPG,3.999757506,1639.979,-4.86412,-6.55
HHIIGGLFSAGKAIHRLIRRRRR,7.289556853,2721.279,-10.88448,-6.55
LKKKKKKFLQ,5.99653627,1288.693,-1.8641,-6.54
LKKFKKKKLQ,5.99653627,1288.693,-1.8641,-6.54
KKLKKFKKLQ,5.987946174,1288.693,-1.8641,-6.54
LKKKKFKKLQ,5.99653627,1288.693,-1.8641,-6.54
KKKLKFKKLQ,5.987946174,1288.693,-1.8641,-6.54
KFKKKLKKLQ,5.987946174,1288.693,-1.8641,-6.54
LKKKKKKLFQ,5.99653627,1288.693,-1.8641,-6.54
KKKLFKKKLQ,5.987946174,1288.693,-1.8641,-6.54
KLKFKKKKLQ,5.987946174,1288.693,-1.8641,-6.54
KFKLKKKKLQ,5.987946174,1288.693,-1.8641,-6.54
KLKKKLKKFQ,5.987946174,1288.693,-1.8641,-6.54
KKLKKLKKFQ,5.987946174,1288.693,-1.8641,-6.54
KLKKKFLKKQ,5.987946174,1288.693,-1.8641,-6.54
FKRIHQRIKDFLR,4.091859077,1757.127,-4.40659,-6.54
FCRIVQRIKDFLRFCRIVQRIKDFLR,5.904392865,3370.163,-7.74468,-6.54
IGKKFKRIVQRIKKFLRNL,7.997117261,2386.031,-5.29629,-6.52
KRIWQRIKDFLR,3.98930877,1659.022,-3.37589,-6.52
LRLKKRLWKYRVPP,5.996157367,1853.344,-1.64349,-6.52
LRLKKLRWKYRVPP,5.996157367,1853.344,-1.64349,-6.52
LRLKKRRWKYLVPP,5.996157367,1853.344,-1.64349,-6.52
LLLKKRRWKYRVPP,5.996157367,1853.344,-1.64349,-6.52
GIKRGIKRGIKR,5.9970128,1381.743,-6.05959,-6.51
KWCFRVCYRGICYRKCR,5.808146681,2240.793,-5.61782,-6.5
KRKKLLKRLI,5.988271978,1295.733,-2.01156,-6.5
RKGSQMGKKCECP,2.902890417,1451.766,-8.62953,-6.5
RRWWRFPPPRFPPRFPPP,4.990955532,2389.855,-1.81805,-6.5
GKLIKKFGRKAISYAVKKARGKH,9.094322065,2585.197,-8.60926,-6.49
PRYPRWPRHPT,3.097744353,1462.687,-4.00169,-6.49
RFRLPFRRPPIRIH,5.089765538,1861.287,-3.87485,-6.49
GGVKRFKKFFRKLKKSV,7.996535749,2053.582,-5.20306,-6.49
KKKKKKIIKKII,7.987629982,1496.055,-1.0525,-6.48
AKKVFKRLRKLFKKI,7.99700578,1903.489,-2.21436,-6.48
RLKWVRIWRR,4.990801707,1468.827,-1.86022,-6.48
KLCEKPSKTWFGNCGNPRRCG,3.856157696,2381.803,-12.29466,-6.48
KKAAARAAAAARAAWAARAAAKKKK,8.987936584,2508.031,-12.38019,-6.48
GRRPWWWRAR,3.997495953,1426.661,-2.85592,-6.47
KWKVFKKIEKMGRNIRNGIVK,6.989715018,2573.207,-6.55666,-6.46
KKKAARALKRAL,5.988271978,1353.729,-5.05456,-6.46
YKQCHKKGGKKGSG,5.044787672,1505.771,-9.027,-6.46
RRLMAAKAESR,2.992580141,1288.547,-7.11889,-6.45
FWQRNFRKVR,3.99248415,1436.693,-4.31339,-6.45
NGVQPKYRWWRWWRRWW,4.984749729,2546.943,-1.43602,-6.45
GLFGKLIKKKGRKAISYAVKKARGKH,10.09415991,2883.584,-9.34836,-6.45
RAKIFKKIEKVGRNVRDGIIKA,5.99266252,2540.109,-8.72949,-6.44
RRRWWWFASASARRRWWWF,5.990949209,2754.18,-3.42198,-6.44
RRWSWWWSWRR,3.990963862,1747.997,-2.09602,-6.43
AGRESIKAYLKKEIKKKGKRAVIAW,6.999544536,2872.509,-7.95996,-6.43
RLFRRVKKVAGKIAKRIW,7.99032444,2225.818,-4.70282,-6.42
RLIKRYLRRMW,4.98996049,1591.016,-2.00792,-6.41
RFRPPIRRPPIRPPFYP,4.990105118,2162.629,-3.45925,-6.41
VDKPPYLPRPHPPRRIYN,3.095281544,2215.598,-5.44339,-6.41
AARIILRRRFR,4.997960657,1427.775,-5.01655,-6.4
LRRLKPLIRPWLRPLRRWWW,6.997336373,2798.491,0.00932,-6.4
SWASMAKKLKEYMEKLKQRA,3.994877932,2426.943,-7.17213,-6.39
LVKRFKKFFRKLKKSV,7.996535749,2052.638,-2.90456,-6.39
VKRFKKFFRKLKKSVL,7.996650265,2052.638,-2.90456,-6.39
GCKKYRRFRWKFKGKFWFW,7.951163764,2655.233,-1.15679,-6.39
KKKVVFKVKFKKK,7.987622209,1635.168,-1.2987,-6.38
PRYPRYPRWPRHPTIYA,4.096019435,2226.584,-4.36082,-6.38
PRPPHPPRPPHPRL,3.19738819,1650.962,-4.56369,-6.37
GFCWHVCARRNGVRVCYRRCN,4.916717041,2556.043,-11.98785,-6.37
KWFKIQLQIKKWKNKK,6.987784364,2144.691,-2.1913,-6.35
RRAAHGLLPRLRAPPPFHKRCVCLCRTAPPP,7.05436588,3488.288,-11.90978,-6.35
EWKRWVQRWKDWLRNLV,3.000052283,2398.812,-3.01649,-6.34
GLRRALLRLLRSLRRLLLRAC,6.952792847,2519.212,-8.05461,-6.34
KVANTVQKLKRKAKNAV,5.988111119,1896.319,-9.46573,-6.33
KRIVQRIKDFLRAGPIKDFLR,4.989867216,2570.138,-6.72132,-6.33
KWKSKLKTFKSAKKTVLHTAKKAISS,9.086274307,2945.6,-11.4226,-6.33
AKVLKISRRAFRK,5.99748116,1572.973,-5.58429,-6.32
FKRISQRIKDFLR,3.993045906,1707.063,-5.38009,-6.32
GKGSCQSQCRGCR,2.863289893,1369.58,-12.92936,-6.31
CKGKGAKCSRLMYDCCTGSCRSGKC,4.730956397,2646.219,-17.21976,-6.31
GRFKRFRKKFKKAFKKASPVIPLLHL,10.09518547,3141.952,-5.33599,-6.31
RWLRWWTRWRLK,4.990802052,1843.227,-0.71782,-6.31
RKKKLKIIKRLI,6.990167828,1537.068,-1.86686,-6.3
RRGWARRLAFAFAFGRR,5.990957239,2094.474,-7.42468,-6.3
RVCFRVCRNGVCYRRCW,4.811385296,2176.666,-8.41955,-6.29
GYCFTACRLRNGVRICYRRCN,4.817053456,2525.022,-12.56835,-6.29
AAKCLVQRRR,3.953121615,1200.485,-6.38249,-6.27
RRWHWHWPGWHWHWRR,4.386216545,2462.792,-0.93182,-6.26
RLFDKIRQVIRK,3.99136712,1571.941,-4.44389,-6.25
RWKIFKKIEKVGRNVRDGIIKA,5.99266252,2655.244,-7.02539,-6.25
RFKIWKKIEKVGRNVRDGIIKA,5.99266252,2655.244,-7.02539,-6.25
RCVRWWKRVCK,4.90127619,1519.918,-3.08629,-6.23
GRIKRIRKIIHKY,6.094976615,1681.117,-3.87739,-6.23
RRWLWRLRWLWR,4.990960551,1883.296,0.08175,-6.23
RRWLWRRRWLWL,4.990968668,1883.296,0.08175,-6.23
RLWLWRRRWLWR,4.990960551,1883.296,0.08175,-6.23
LRWLWRRRWLWR,4.997492642,1883.296,0.08175,-6.23
RRWLWRRLWLWR,4.990960551,1883.296,0.08175,-6.23
RRWLWLRRWLWR,4.990960551,1883.296,0.08175,-6.23
VKWRWKWKWRWKWKWKV,7.996648249,2601.207,3.83564,-6.23
GWWRRTVAKARK,4.997175299,1514.808,-5.06509,-6.22
VWRHWRRFWHR,4.195234795,1722.007,-1.69832,-6.22
AVKRVGRRLKKLARKIARLGVAF,8.997304008,2607.296,-8.36625,-6.22
NPVSCVRNKGICVPIRCPGNMKQIGTCVGRAVKCCRKK,8.716841615,4118.131,-20.88692,-6.22
FLRRFWRIWRR,4.992639682,1692.062,-1.41175,-6.21
AFVRILCYCCPRRIKRR,5.86289756,2153.735,-6.09875,-6.19
GGLRRLGRKILRAVKKYG,6.996166161,2041.532,-7.58582,-6.18
KRKLILIKRK,5.988264205,1295.733,-2.01156,-6.18
RRWTWWWTWRR,3.990963862,1776.051,-1.31902,-6.17
GFCWRACVYRNGVRACYRRCN,4.817053456,2554.023,-11.64145,-6.17
CRRLCYKQRCVTYC,3.819232243,1795.222,-7.41629,-6.17
VRRFKWWWKFLRR,5.997284144,1964.41,-0.11352,-6.17
AWCFRVCYRGACYRRCR,4.817525791,2169.63,-7.61885,-6.17
GFCWRVCASRNGLRVCYRRCN,4.81790387,2520.006,-12.57125,-6.17
GFCWYVCARRNGARVCYRRCN,4.817053456,2554.023,-11.64145,-6.17
GCKKYRRFRWKFKGKLWLWG,7.951161653,2644.251,-2.43379,-6.17
KWFRVYRGIYRR,4.987042874,1700.034,-2.89002,-6.16
KRLFKELKFSLRKY,4.989189627,1856.296,-2.82766,-6.16
SPRVCIRVCRNGVCYRRCW,4.813393288,2326.844,-10.14805,-6.16
LKKLLKKLLKKLLKKLLKKLLKKLLKKL,13.99524715,3396.705,1.9393,-6.16
FWQRNIRKFR,3.99248415,1450.72,-3.92329,-6.15
FKRCVQRIKDFLR,3.948362397,1709.104,-4.83269,-6.15
KWKKLLKKLLKLLKKLLKKLK,10.98713574,2632.594,1.6522,-6.15
KNLRRITRKIIHIIKKYG,7.086230392,2250.821,-5.97599,-6.12
KKWRKLLKWLAKK,6.987943207,1726.241,-0.14063,-6.11
FIHHIIGGLFSAGKAEHRLIRRRRR,6.290688851,2997.571,-10.80738,-6.1
AGRESIKAYLKKEIKKKWKRAVIAW,6.999544536,3001.671,-5.86736,-6.1
AWRESIKAYLKKEIKKKGKRIVAAW,6.999544536,3001.671,-5.86736,-6.1
RVCIRVCRNGVCYRRCW,4.811385296,2142.649,-8.61615,-6.1
KVYARLHAVIKRLHRRLH,6.284162462,2266.787,-5.66712,-6.1
RFRWPIRRPPIRPPWYP,4.990105118,2290.763,-1.76015,-6.1
FKRIVQRIRDFLR,3.99320475,1747.132,-4.58212,-6.09
GRPNPVPNPRPPHPRL,3.096320552,1801.096,-7.94639,-6.09
SPKKTKPVKPKKVA,5.992019257,1535.944,-5.3017,-6.09
RRLFRRILRWL,4.990968668,1584.991,-2.28625,-6.09
KKKAARRWWA,4.988433102,1300.583,-2.81726,-6.08
FKCKKWQWKMKKLGK,6.94683799,1967.534,-1.5949,-6.07
PIPRPLPFPRPGPRPIPRPLPFPRPGPRPIPRP,6.999735468,3736.585,-6.74261,-6.07
RPRCWIKIKFRCKSLKF,6.900943506,2209.817,-3.83329,-6.06
ILRKPWRIWRR,4.997754451,1579.971,-1.47912,-6.06
KAAKKAAKAAKKAAKAAKKAA,8.987466796,2024.538,-9.5059,-6.06
VDKPPYLPRPTPPRRIYN,2.996468373,2179.561,-6.02839,-6.06
RFRLPFRRPPIRIHPPPFYPPFRRFL,7.088924802,3377.117,-3.27721,-6.06
RFRGPIRRPPIRPPFYP,4.990105118,2122.564,-4.33405,-6.05
FLKLIWKRKKKK,6.991680343,1616.125,-0.12663,-6.03
FRKKWNKWALSR,4.992163151,1619.944,-3.73096,-6.03
PMARNKKLLKKLRLKIAFK,7.998784459,2296.999,-4.00856,-6.03
GNNRPVYIPRPRPPHPRLV,4.095464811,2235.637,-8.08452,-6.02
RFGRFLRKILRFLKK,6.990477742,1978.519,-2.83052,-6.01
CKGKGAKCSRLMYDCCTGSCRSGKCGS,4.730967486,2790.349,-19.62646,-6.01
WIRYKWPRKKVRYWTGP,5.993755272,2320.785,-1.87279,-6.01
RFRPPIRRPPIRPPFYPPFRPPI,5.990114942,2870.506,-3.47978,-6.01
GSCSCSGTISPYGLRTCRATKTKPSHPTTKETHPQTLPT,4.061544499,4131.697,-27.49406,-6.01
FRWKYPKPLKR,4.991312737,1518.879,-0.86666,-6
ARKWRKFLKKI,5.997330089,1473.883,-1.63236,-6
YRWWRWARRW,3.991457649,1621.882,-0.32122,-6
AAVALLPAVLLALLAPQLGKKKHRRRPSKKKRHW,10.19462658,3852.791,-9.95872,-6
CWKKKKKKWWC,5.90949925,1551.999,0.0519,-5.99
LRKFWKKIRKFLKKI,7.996537765,2032.651,-0.12016,-5.99
RKKKIKIIKRLI,6.990167828,1537.068,-1.86686,-5.98
RGLFKKLARAIKKGFKK,7.989997901,1989.539,-4.61806,-5.98
AWCARVCYRGICYRRCR,4.817525791,2135.613,-7.81545,-5.98
AIRCLAQRRK,3.95312196,1214.512,-5.99239,-5.97
RQIKKAFRKMA,4.990491107,1376.744,-4.49296,-5.96
FWQRNIRKIR,3.99248415,1416.703,-4.11989,-5.96
FKRIVQRIKDCLR,3.948362397,1675.087,-5.02929,-5.96
CKRIVQRIKDFLR,3.955555019,1675.087,-5.02929,-5.96
VKRFKKFFRKFKKFV,7.996648249,2033.594,-0.98846,-5.95
KFAKKFAKKFAKKFAKKFAK,9.987297899,2391.045,-2.7875,-5.95
GAWRRTVAKVRK,4.997175299,1427.727,-6.13309,-5.95
GWARRTVAKVRK,4.997175299,1427.727,-6.13309,-5.95
KRAAQRIKAFLR,4.988584859,1457.797,-5.56099,-5.95
KFFRKLKKLVKK,6.987943207,1563.061,-0.99803,-5.95
RKGCKCKNGFCVCR,4.811749983,1602.02,-8.62966,-5.95
AKRLKKLAKKIWNWK,6.997001318,1911.424,-2.27573,-5.95
GVFRRLRKVTRKVLKKIGKVLKWI,9.996531142,2922.753,-5.15942,-5.95
WSKKWKKKWKW,5.994993785,1618.999,0.9086,-5.94
KEFKRIVQRIKDFLRNLV,3.99092784,2302.805,-5.72109,-5.94
GYFPGRPPFPRPFPRPPSRPFPRPPFPGPFPRPYPWR,6.995785191,4416.189,-6.73731,-5.94
KKWRKWLAKKW,5.988114214,1557.96,0.39257,-5.92
IGKKFKRIVQRIKDFLRNL,5.998003327,2372.944,-5.95059,-5.92
TWLKKARWKKAKPP,5.991315004,1738.164,-2.46393,-5.92
TWLKKRAWKKAKPP,5.991315004,1738.164,-2.46393,-5.92
GKKLLKKWKKLWKKW,7.996221157,1998.589,1.1592,-5.91
GCKKYRRFRWKFKGKFWFWG,7.951161653,2712.285,-2.04059,-5.91
FKARRWAWRMK,4.992322339,1535.895,-2.22229,-5.9
KFAKKFAKKAAKKAAK,7.987622209,1764.243,-4.6929,-5.9
RRKLDLKLDLKLDL,1.992663872,1739.142,-3.68506,-5.9
RRGWARAPAFAFGRR,4.990960551,1775.065,-7.44015,-5.9
KDRPKKPGLCPAAKKAAAAKA,5.943990351,2120.604,-9.12853,-5.9
GCKKFRRFKLKCKQKLWLWCG,7.862486205,2657.378,-4.21576,-5.9
RWCSYAYVRVRGVLVRYRRCW,5.899048175,2748.298,-6.85988,-5.9
FFQRNIRKVR,3.99248415,1363.639,-4.99129,-5.88
WLRRIKAWLRR,4.995782117,1553.933,-1.96542,-5.88
WRKLWRPGLKRWLK,5.995461463,1923.398,-0.67459,-5.88
GRKLWRKWLKRWLP,5.997007782,1923.398,-0.67459,-5.88
GRFKRFRKKFKKLFKKASPVIPLLHL,10.09518547,3184.033,-4.30979,-5.87
RGGRLCYCRRRFCVCV,4.811382201,1947.427,-8.48225,-5.86
KRLFKKLLKFSLRKY,6.987252349,1968.516,-2.03256,-5.86
RFRPPIRRPPIRPPFWP,4.990955532,2185.667,-2.68355,-5.86
FKRICQRIKDFLR,3.948362397,1723.131,-4.44259,-5.85
LRFARRALRRLF,4.997484612,1574.952,-4.28905,-5.85
VCRKPVVCRKPVVCRKPVVCRKPV,7.818231899,2749.587,-7.89022,-5.84
FKRIVQRIKDFCR,3.948362397,1709.104,-4.83269,-5.83
LLLFLLKKRKKRKY,6.995842446,1847.421,-0.70626,-5.81
KRLFRRLLFSMKKY,5.987573348,1886.395,-2.80509,-5.81
KRRLIFRILKLFFRFLVKKR,8.988253927,2678.461,-1.65475,-5.81
FFWQRNIRIRR,3.992642993,1591.894,-4.25812,-5.8
KIWFQNKKMKWKK,5.987946518,1793.265,-1.3793,-5.8
IRRWRLHWFRRAI,5.096734582,1866.266,-2.65305,-5.8
GLARALTRLLRQLTRQLTRA,4.997499728,2307.786,-11.43305,-5.8
KWYKKWYKKWYK,5.985395276,1835.235,2.522,-5.79
RWIRWVWRKKLRI,5.99064767,1896.376,-0.50672,-5.79
CCRNTWARNCYNVCRLPGTISREICAKKCDCKIISGTTC,4.643520033,4385.257,-23.45972,-5.79
GRRWWWWRAR,3.997495953,1515.758,-1.63812,-5.78
FKRIVQRIKDGLR,3.993045906,1628.993,-5.32769,-5.77
GFFKKAWRKVKKAFRRVL,7.996696608,2265.838,-3.44389,-5.77
HLNKRVQRLLIRWLRWLK,6.091775324,2429.019,-3.56172,-5.77
CLRKLRKRLLC,4.910137935,1401.864,-3.66189,-5.77
AQRCGDQARGAKC,1.909155666,1363.551,-10.94076,-5.76
ILPHKHPHHPHRR,3.491826928,1661.949,-4.68876,-5.76
GIGKFSKKGAAARRRKVSLKAL,7.996696608,2342.875,-10.99069,-5.76
GWWRRTVAKVRK,4.997175299,1542.862,-4.42899,-5.76
GCPLNQGACHNHCRSIGRRGGYCAGIIKQTCTCYRK,5.924996445,3926.618,-23.36112,-5.76
IKPFKKPFKPFRR,5.997274609,1689.135,-1.44876,-5.75
GNNRPVYIPKPRPPHPRI,4.095307984,2108.49,-7.35959,-5.75
QYLRRVRTWLRRAWHILGKV,6.090446385,2608.154,-5.78905,-5.75
AKKVFKRLEKLFSKIWNDK,4.999500352,2378.899,-4.60723,-5.74
GKKLLKKLKKLLKKG,7.996219047,1723.319,-2.2892,-5.74
KIAKRIWKILRRRLF,6.988411363,1997.566,-2.15732,-5.74
RIVQRIKKWLR,4.990642864,1495.89,-2.92209,-5.73
VRLRIRVAVRRA,4.997612228,1464.837,-5.85255,-5.73
RLARRVVIRVAR,4.990960551,1464.837,-5.85255,-5.73
RLWKKIRQVIR,4.990642864,1495.89,-2.92209,-5.73
RGLRRLGRKIAHGVKKYGPTVLRIIRIA,9.088440618,3198.966,-10.54428,-5.73
RWRRWWRHFHHFFH,4.386208361,2191.512,-1.48292,-5.72
RFRWPIRRPPIRPPFYP,4.990105118,2251.726,-2.24145,-5.72
TISQAEWFKARRWQWRMKKLGA,4.993419918,2778.295,-7.52409,-5.72
GRRPLLLRAR,3.997495953,1207.499,-4.88962,-5.72
RFRPPIRRPPIRPPFYW,4.990119333,2251.726,-2.24145,-5.72
KLKLKLKLKLKLKLKLKLKLKLKLKL,12.98681921,3155.37,1.7946,-5.72
KRFKKFFRKIKKGFRKIFKKTKIFIGGTIPI,12.98729574,3800.837,-5.08309,-5.71
KVANTVQKLKRKAKNAVA,5.988112103,1967.398,-9.96103,-5.71
GFCWRACVYRNGVRVCYRRCN,4.817053456,2582.077,-11.00535,-5.71
FKKFWKWFRRFGGGRWRWRWF,7.992145187,3021.596,-0.47465,-5.71
RWRWRWFGGGFKKFWKWFRRF,7.990466056,3021.596,-0.47465,-5.71
GKKYRRFRWKFKGKLFLFG,7.995845163,2463.031,-2.81099,-5.7
KIIRVIRGIIRRR,5.988740391,1649.12,-4.82085,-5.69
CKLRFRGPGRIKVRLC,5.910134624,1902.424,-6.35302,-5.69
RLPRPVYIPQPRPPHPRL,4.088934736,2189.652,-4.78972,-5.69
CFWQRNIRKVCR,3.910309752,1608.968,-5.68079,-5.68
KRLFKKLLKYLRKF,6.987243262,1881.438,-0.50966,-5.68
KWKSFIKKLTSKKLHSAKKF,8.086427005,2434.023,-5.6674,-5.68
CFWQRNIRKVRC,3.91030009,1608.968,-5.68079,-5.68
WRPGRWWRPGRW,3.995953468,1695.965,-2.04462,-5.68
RWRRLLKKLHHLLH,5.287074192,1906.372,-2.39959,-5.68
KAAKKAAKWAKKAAKWAKKAA,8.987466796,2254.808,-6.0977,-5.68
GGYYCPFRQDKCHRHCRSFGRKAGYCGGFLKKTCICV,6.92455139,4247.053,-17.32042,-5.67
RKRWLWLKRKWLW,5.990489906,1955.443,1.42701,-5.67
RPVRPVYIPQPRPPHPRL,4.088934736,2175.625,-5.17982,-5.67
FWGRNIRIRR,3.992642993,1373.638,-4.61972,-5.66
FKRIGQRIKDFLR,3.993045906,1677.037,-4.74099,-5.66
GKKLLKKLKKLWKKW,7.996221157,1925.535,0.4813,-5.66
RFRLPFRRPPIRIPPPFYPPFRRFL,6.990111631,3239.975,-2.72781,-5.66
GLLRRLRDFLKKIGEKFKKIGY,5.998338169,2679.306,-5.04209,-5.65
GKKGGKGGKGKGK,5.996536614,1186.429,-8.5903,-5.64
YFISCAIHFKILKIRSAAKRREHTKLR,7.145517788,3287.004,-9.56622,-5.64
FAWQRNIRKVR,3.99248415,1473.755,-5.00529,-5.64
KLKKLLKKLKKLLK,7.987622209,1722.375,0.0093,-5.64
NGVQPKYRWWRWWRRWWW,4.984749729,2733.157,-0.22722,-5.64
AKRIVQRIKDFLR,3.998366881,1643.02,-4.93919,-5.63
FKRIVQRIKDALR,3.993045906,1643.02,-4.93919,-5.63
GLRKRLRKFFNKIKFF,6.996842615,2098.626,-3.40799,-5.63
AWWRRTVAKVRK,4.997643314,1556.889,-4.04049,-5.62
FLPKKFRWWKYRK,5.991150927,1883.328,0.69244,-5.62
GFGCPLNQGACHRHCRSIRRRGGYCSGIIKQTCTCY,5.925156002,4003.704,-22.88715,-5.62
NPVSCVRNKGICVPIRCPGSMKQIGTCVGRAVKCCRKK,8.716841615,4091.105,-20.77002,-5.62
VRVKVRVKVRVK,5.997125645,1465.905,-4.15609,-5.61
ECYCRRRFCVCVGR,2.820058816,1750.141,-7.52782,-5.61
RKRWWVVKRKWWV,5.990486811,1913.362,0.25671,-5.61
SRWPSPGRPRPFPGRPKPIF,4.992801669,2332.753,-7.16212,-5.61
RAGLQFPVGKLLKKLLKRLKR,7.9901564,2463.158,-5.24119,-5.61
KNLRRIIRKGIHIIKKYG,7.086230392,2206.768,-5.72539,-5.59
RWRWRWFGGGLKRFLKWFKRF,7.990466056,2914.525,-1.34915,-5.59
LKRFLKWFKRFGGGRWRWRWF,7.996998147,2914.525,-1.34915,-5.59
LKLKLKRDGKLKLKL,5.997264987,1794.354,-2.39453,-5.59
FAKKLAKKLKKLAKKLAK,8.99119719,2055.723,-2.6924,-5.59
RCVCRRGVCRCVCTRGFC,4.722849832,2077.621,-11.61065,-5.57
RCVCTRGFCRCVCRRGVC,4.722849832,2077.621,-11.61065,-5.57
WGLRRLLKYGKRS,4.994774286,1632.984,-4.67059,-5.56
RGGRLCYCRRRFCICV,4.811382201,1961.454,-8.09215,-5.56
RRWKIVVIRWKK,5.990481054,1668.121,-1.23989,-5.55
KWKSFIKKKTSKFLHSAKKF,8.086427005,2468.04,-5.4708,-5.55
RWRLLLLKKR,4.990642864,1381.786,-1.28229,-5.54
GALSKHAAELKAKQRTSLEK,3.099221029,2166.516,-11.43563,-5.53
FKRIAQRIKDFLR,3.993045906,1691.064,-4.35249,-5.52
WRKLWRGGLKRWLK,5.995461463,1883.333,-1.54939,-5.52
ARWRFKWAKK,4.997484471,1376.681,-1.59446,-5.51
GLARALTRLLRQLTRQLTRAC,4.95279947,2410.932,-12.01845,-5.51
FIHHAAGGLFSAGKAIHRLIRRRRR,7.288913728,2897.454,-11.67848,-5.5
RFRLPFRRIHPPPFVRIHPPPFYRRFL,7.187737973,3516.275,-3.67681,-5.5
KAAKKAWKAAKKAAKWWKKAA,8.987466796,2369.943,-4.3936,-5.49
AAKKWAKAKKWAKAKKWAKAA,8.996524907,2369.943,-4.3936,-5.49
KWWKKAAKAAKKAAKAAKKWA,8.987466796,2369.943,-4.3936,-5.49
KAAKKWAKAAKKWAKAWKKAA,8.987466796,2369.943,-4.3936,-5.49
KWAKKAAKWAKKAAKWAKKAA,8.987466796,2369.943,-4.3936,-5.49
KAWKKAWKAAKKAWKAAKKAA,8.987466796,2369.943,-4.3936,-5.49
KAAKKAWKAWKKAAKAWKKAA,8.987466796,2369.943,-4.3936,-5.49
RRGWVLALYLRYGRR,4.989259722,1935.322,-4.80055,-5.48
VVQGACRAIRHIPRRIR,5.051734804,2001.452,-8.73975,-5.47
RCVCTRGFCRCFCRRGVC,4.722849832,2125.665,-11.02395,-5.46
KKWLKLKLKLKK,6.987784364,1554.094,0.5425,-5.45
KKLLKWKLKLKK,6.987784364,1554.094,0.5425,-5.45
KKLLKLKLKWKK,6.987784364,1554.094,0.5425,-5.45
RWRWWWRWRA,3.990970948,1644.92,0.45448,-5.45
CGRRPWWWRCRL,3.910476713,1675.034,-3.00052,-5.45
KKKFPWWWPFKKKK,6.987784364,1962.47,2.2735,-5.45
RWCVYSYVRVRGVLVRYRRCW,5.899048175,2776.352,-6.22378,-5.44
GRFKRFRKKFKKLFKKLSPVIPLLHL,10.09518547,3226.114,-3.28359,-5.43
GCKKYRRFRWKFKGKFWFWGG,7.951161653,2769.337,-2.92439,-5.43
FRFKRFRKKGKKLFKKVSPPILLLHL,10.09033251,3226.114,-3.28359,-5.43
RLMAAKAESRK,2.992421642,1260.533,-6.25316,-5.42
RRARIVVIRVAR,4.990960551,1464.837,-5.85255,-5.41
VQLRIRVRVIRK,4.997446643,1535.956,-4.71502,-5.41
AWCFRVCYRGICYRRCR,4.817525791,2211.711,-6.59265,-5.41
RLRKAVRLIK,4.990643208,1252.624,-3.37649,-5.39
KRIVKRIKAFLR,5.988422704,1527.976,-3.03519,-5.38
YRAWRWAWRWR,3.991448452,1692.961,-0.81652,-5.38
WLRRIKAWLRRIKA,5.995627048,1866.347,-2.31602,-5.38
FKRLKKLAKKIWNWK,6.991680343,1987.522,-1.05293,-5.38
AKRLKKLFKKIWNWK,6.997001318,1987.522,-1.05293,-5.38
GFFKKAWRKVKHAGRRVL,7.095671934,2184.68,-5.21839,-5.38
GRFKRFRKKLKRLWHKVGPFVGPILHY,9.193462165,3365.147,-4.56382,-5.38
LLRRVARLLKRFAK,5.997171988,1740.229,-3.86532,-5.37
GGVCPKILQRCRRDSDCPGACICRGNGYCGSGSD,1.730551574,3505.021,-24.10582,-5.37
FWQRPIRKVR,3.99248415,1385.689,-2.87919,-5.36
YRMWRWAWRWR,3.991448452,1753.082,-0.08332,-5.36
TRKRLKKIGKVLKWI,6.991324828,1867.412,-3.06636,-5.36
RIKTRTWRLALRWLKL,5.99064767,2110.638,-3.55862,-5.36
QIYKKYRTWYRKAWKVLGKV,6.989293701,2615.177,-3.22426,-5.36
IKHWKKVWKHWKKKL,7.194429227,2073.619,0.9403,-5.35
GWKRLVQRLKDWLRKLV,4.997742813,2194.712,-3.35209,-5.34
RFRFPIRRPPIRPPFYP,4.990105118,2212.689,-2.72275,-5.34
FWRNIRIWRR,3.992642993,1502.8,-2.52712,-5.33
KWKKLLKKPLLKK,6.987784364,1651.211,0.5335,-5.33
KFAKKFAKKFAKKAAK,7.987622209,1840.341,-3.4701,-5.33
GFWNVVYRNGVRVHRRN,4.09545439,2129.428,-9.39802,-5.32
DAHRAGLQFPVGRVHRLLRK,4.196678715,2326.751,-9.03482,-5.32
KLKRKAKNAVA,4.988274258,1226.538,-5.33723,-5.31
RGVRPVYIPQPRPPHPRL,4.088934736,2135.56,-6.05462,-5.31
AAHHIIGGLFSAGKAIHRLIRRRRR,7.294234703,2863.437,-11.87508,-5.31
TCRTNRPCFYDLDLNVCRCS,0.813988971,2379.761,-12.98199,-5.3
KFFKKLKKAVKKGFKKFAKV,9.987303657,2399.109,-2.1004,-5.3
AAKAWKKAKAWKKAKWWKKAA,8.996524907,2485.078,-2.6895,-5.3
KWKSFLKTFKSAKKKVLHKALKAISK,10.08611107,3044.824,-6.7587,-5.3
RICRCRIGRCLGLEVYFGVCFLHGRLARRCCR,6.82258744,3786.703,-13.48954,-5.3
FWPRNIRKVR,3.99248415,1371.662,-3.26929,-5.29
RGGCLCYCRRRFCVCVCR,4.72200908,2153.719,-9.65305,-5.28
LKLKLKLKLKLKLKLKLKLKLKLK,11.99556369,2914.035,1.6499,-5.28
LKKLLKKLLKKLLKKLLKKLLKKL,11.99557146,2914.035,1.6499,-5.28
PRPLPFPRPGPRPIPRPLPFPRPGPRPI,5.999751915,3175.885,-5.99458,-5.28
RWRWWWRWRW,3.990973059,1760.055,2.15858,-5.26
RWWRWWRRWW,3.990973059,1760.055,2.15858,-5.26
RRRRWWWWWW,3.990973059,1760.055,2.15858,-5.26
RGGRLCYCRPRFCVCVGR,4.811376099,2101.596,-9.37505,-5.26
RTRTWRLALRWLKL,4.990809825,1869.303,-3.70332,-5.24
RWCGYAYVRVRGVLVRYRRCW,5.899048175,2718.272,-6.22078,-5.24
RWCVYAYVRGRGVLVRYRRCW,5.899048175,2718.272,-6.22078,-5.24
RWCVYAYVRVRGGLVRYRRCW,5.899048175,2718.272,-6.22078,-5.24
AVKPKTAKPKTAKPKTA,5.997011371,1765.18,-7.6743,-5.23
KKAAKAWAKGAKKAKKLAKGAG,8.987466796,2210.752,-8.4364,-5.23
LRRLWLRANRL,3.99750407,1466.808,-3.89692,-5.23
RGLRRLGRKIAHGVKKYGATVLRIIRIA,9.088440618,3172.928,-11.03058,-5.23
KKIVQRIKDFLR,3.989149927,1543.927,-3.57816,-5.22
KIIKKIKKKIKKIIK,8.987460054,1850.55,-0.3769,-5.22
LKKLCRILKKLCRILKKLCRI,8.862483925,2583.51,-3.13759,-5.22
LRKFFARIRGGR,4.997333798,1476.803,-5.22652,-5.22
KRIVQRIKDFLK,3.989150271,1543.927,-3.57816,-5.22
GKEFKRIVKWPWWPWRR,4.998787923,2355.834,-0.31869,-5.22
ACPIFTKIQGTYRGKAKRIGRRIC,6.907250409,2737.353,-11.30892,-5.22
RVVRPVVQGVKQKVR,4.990642864,1748.161,-7.16209,-5.21
KLKKLLKKLLKK,6.987784364,1481.04,-0.1354,-5.2
KKLLKLKLKLKK,6.987784364,1481.04,-0.1354,-5.2
RIIDLLWRVRRPQKPKFVTVWVR,5.991360153,2962.645,-4.72925,-5.2
KRIAQRIKAFLR,4.988584859,1499.878,-4.53479,-5.19
FKRIVQRIKDLLR,3.993045906,1685.101,-3.91299,-5.19
KIRAKLCLGRFCIRAKLR,6.899052374,2145.775,-5.91602,-5.19
KLLLKLKLKLLKGWKRKRFG,8.987784483,2467.233,-1.40876,-5.18
GGGGRFKRFRKKCKKLFKKCSPVIPLLHLG,10.00581742,3400.277,-9.24799,-5.18
LKLKLKEGNKKLKLKL,5.998157355,1894.471,-2.7785,-5.18
RVQGRWKVRASFFK,4.990643208,1765.106,-5.82099,-5.17
CRFCCRCCPRMRGCGLCCRF,4.642356198,2374.063,-10.58215,-5.17
KVKYFKRWLR,4.987575601,1423.778,-0.70786,-5.16
IGKEFKRIVQRIKDFLRNL,3.999940604,2373.884,-6.21479,-5.16
GFCWYACAKRNGLRVCYRRCN,4.816894613,2540.036,-10.38562,-5.16
RGTCYNRVGLIIRNFSKLKGKKV,6.944790732,2651.234,-10.99499,-5.16
PLPFPRPGPRPIPRPLPFPRPGPRPIPRP,5.999738779,3273.002,-6.00358,-5.16
KWKKLLKKPLKLLKKLLK,8.987460054,2247.041,1.3538,-5.15
KWKKLLKKPLLKKLLKKL,8.987467827,2247.041,1.3538,-5.15
RRPPIRPPFYPPFRPP,3.990108429,1990.397,-2.74722,-5.14
KWGKKWGKKWGK,5.987946518,1516.863,-1.4287,-5.13
CLIMKVRRKK,4.954672608,1274.717,-2.89386,-5.11
RRWGWWWGWRR,3.990963862,1687.945,-0.81782,-5.11
KKWRKWLAKKWW,5.988114214,1744.174,1.60137,-5.11
WHWTWLRIRKKLR,5.094436444,1879.301,-1.07939,-5.11
KWKSFIKKLTSKFLHSKKKF,8.086427005,2510.121,-4.4446,-5.11
RFRPPIRRPPIRPPFYPPF,4.990102106,2406.923,-2.74075,-5.1
TWARNCYNVCRLPGTISREICAKKCD,2.814711958,3001.545,-14.22649,-5.1
NNCKHKKGSGC,2.994716372,1175.364,-9.5354,-5.1
GWWRRAVAKVRK,4.997175299,1512.836,-3.78989,-5.09
CGRRWWGWRCRL,3.910476713,1634.969,-3.87532,-5.09
CGRRWGWWRCRL,3.910476713,1634.969,-3.87532,-5.09
RLFRRVKKVAG,4.99064995,1329.666,-4.45379,-5.08
FKRILQRIKDFLR,3.993045906,1733.145,-3.32629,-5.08
GWGRFFKKAARVGKRVGK,6.99685099,2048.482,-6.96749,-5.08
GRFKRFRKKLKKLFKKLSPVIPLLHLG,10.09518444,3249.149,-4.36399,-5.08
DKPKKKPPPPAGP,2.998573791,1356.636,-4.1049,-5.08
KRFWQLVPLAIKIYRAWKRR,6.987568978,2629.256,-2.65952,-5.08
RRFPWWWPFRR,3.990963862,1690.001,-0.03082,-5.07
GFCKAVCVYRNGVRVCHRRCN,4.916558198,2440.948,-12.19012,-5.07
KRIWQRIKDF,2.989304051,1389.673,-2.65486,-5.05
AWCFRVCARGICYRRCR,4.818376205,2119.614,-7.52105,-5.05
RKCRIVVIRVCR,4.901434688,1500.957,-5.16702,-5.04
GWWRRTVAKVRN,3.99733279,1528.791,-5.68259,-5.04
RGLRRLGRKIAHGVKKGGPTVLRIIRIAG,9.089291032,3149.894,-12.74498,-5.03
RKIKVYLPRMK,4.989633951,1431.864,-1.88436,-5.02
KVHGSLARAGKVRGQTPK,5.087239531,1890.231,-11.04386,-5.02
RWRWWWRWRL,3.990971979,1687.001,1.48068,-5.01
CWVRLGRKLLRRLKTPFT,5.954855661,2243.81,-5.41292,-5.01
GKKYRRFRWKFKFGKWFWFG,7.995845163,2756.316,-0.72769,-5.01
AKKVFKRLEKLFSKIQN,4.998933931,2077.553,-5.63903,-5
LKKLCARLKKLCAR,5.907486938,1644.183,-4.17296,-5
LKKLACRLKKLACR,5.907486938,1644.183,-4.17296,-5
RWRWWWRWRV,3.990969964,1672.974,1.09058,-4.99
RLIKRIKTWYRKAWKVVGKF,7.989297955,2577.22,-2.83429,-4.99
PYLPRPGRRPRFPPPFP,3.998894987,2047.449,-3.71252,-4.98
KKRRCFFRHIYVA,5.041871192,1724.122,-3.68499,-4.98
RRIPFWPPNWPGPWLPPWSPPDFRIPRILRKR,5.991518996,4032.826,-4.21658,-4.98
LYRRRFVVGR,3.996645539,1321.602,-4.00492,-4.97
RLRRIVVIRVAR,4.990960551,1506.918,-4.82635,-4.97
SKVWRHWRRFW,4.091635379,1643.929,-1.80609,-4.97
GRWRWWWRWRA,3.997503039,1701.972,-0.42932,-4.97
RWCVYAYVRVRGVLVRYRRCG,5.899046064,2631.191,-7.28878,-4.97
RGCVYAYVRVRGVLVRYRRCW,5.899048175,2631.191,-7.28878,-4.97
KWKSFIKKLTSKFLHSAKKN,7.08659287,2419.952,-6.921,-4.96
FHIIGGLFSAGKAIHRLIRRRRR,7.190100557,2731.314,-9.60758,-4.96
GRFKRFRKKFKKLFKKLSPVIPLLHLG,10.09518444,3283.166,-4.16739,-4.95
CGYRHGRLNCGRG,3.00844175,1448.664,-9.77349,-4.95
GLFDIWKKWRWRR,3.997898866,1847.211,-1.12329,-4.95
KWKSFLKTFSKAKKKVLKTALKAISK,9.987297899,3008.787,-7.3437,-4.95
AVKKLLRAASRAAKK,5.997322316,1611.019,-6.93196,-4.94
AKKKLSRAALRAAVK,5.997322316,1611.019,-6.93196,-4.94
SQRKLAAKLTSK,3.992495669,1330.599,-7.85573,-4.93
EIEKFDKSKLK,1.001507273,1364.608,-3.7062,-4.93
FRRFFKWPRRPFKFF,5.992310653,2162.631,-0.31082,-4.93
GLFKKLRRKIKKGFKKIFKRLPPIGVGVSIPLAGKR,12.99603656,4076.191,-8.32292,-4.93
WGIRRILKYGKRS,4.994774286,1632.984,-4.67059,-4.92
WRKIWRPGIKRWIK,5.995461463,1923.398,-0.67459,-4.92
GNNRPVYIAQPRPPHPRL,3.095470138,2082.408,-8.70939,-4.92
KIKEKLKKIGQKI,4.989729414,1554.003,-3.064,-4.91
ESRAGKLAAKAAFKAAKR,4.999001271,1874.228,-9.40096,-4.91
KHRCRVYNNGLPTGLYRWC,3.996482675,2336.744,-8.86169,-4.91
ATCYCRTGRCATR,2.863066337,1461.721,-10.44299,-4.89
KKVVFKVKFKKK,6.987784364,1506.993,-0.9125,-4.88
KKKVVFKVKFKK,6.987784364,1506.993,-0.9125,-4.88
RLFIKKLKFITRR,5.990480709,1719.206,-2.55669,-4.88
CYCRRRFCVCVGR,3.820251163,1621.026,-6.87742,-4.87
CIGNGGRCNENVGPPYCCSGFCLRQPNQGYGVCRNR,2.731808853,3893.452,-24.75482,-4.87
AKQHHGYKQKFH,3.293071663,1508.712,-5.6112,-4.85
RLRAPPPFHKRCVCLCRTAPPP,4.955559331,2516.121,-8.03492,-4.85
AKAIVRTIEQAPKTAKAKKS,4.998939678,2139.578,-10.24413,-4.84
KWKKLLKKLLKLLKK,7.987622209,1908.589,1.2181,-4.83
WKKIWKPGIKKWIKKK,7.994660623,2095.706,1.1502,-4.83
KWKEFLKEFKEAKKEVLHEALKAISE,1.097248623,3159.728,-5.3223,-4.83
KKKKIIKRLI,5.988113134,1267.719,-1.14583,-4.83
RLIVKVRIWRR,4.990801707,1494.906,-2.39732,-4.83
RKIKRYLRRMIIIW,5.989798335,1945.511,-1.33232,-4.83
NGVQPKYRWWRWWRRWWWW,4.984749729,2919.371,0.98158,-4.83
VKKWVKKAVKKWVKKA,7.996331547,1954.533,-1.1859,-4.82
VKKWVKKWVKKAVKKA,7.996331547,1954.533,-1.1859,-4.82
AAHCLLKRKR,4.051775943,1195.509,-4.42636,-4.81
IKSIASKVANTVQKLKRKAKNAV,6.996959713,2496.049,-12.33123,-4.81
GRILKFIKKAWRKIHLKFDK,7.096067074,2526.172,-2.55826,-4.81
FKRLKKLFKKIWNWK,6.991680343,2063.62,0.16987,-4.81
WKWKWKCTKSGCKWKWKW,6.905464612,2484.051,-0.249,-4.81
KRKILILIKRK,5.988264205,1408.893,-1.48066,-4.8
RWKIFKKAAKKA,5.990170109,1474.867,-2.28813,-4.79
FWARNIRKVR,3.99248415,1345.624,-3.75559,-4.79
WKKIRVRLSAK,4.995464774,1384.742,-3.35576,-4.79
KWKIRVRLSAK,4.98842636,1384.742,-3.35576,-4.79
VRRYPWWWPYLRR,3.995907625,1934.292,0.05208,-4.79
KRIVARIKDFLR,3.98930877,1514.889,-3.68949,-4.78
LRFLRRILRRLL,4.997500759,1625.097,-2.43325,-4.78
GRWRWWWRWRW,3.99750515,1817.107,1.27478,-4.78
LSKKLICYCRIRGCKRRERVFGTCRNLFLTFVFCCS,7.729827946,4321.349,-14.83138,-4.78
AARIILRDRFR,2.998687879,1386.674,-4.80512,-4.77
KFAKKFAKKFAKKFAK,7.987622209,1916.439,-2.2473,-4.76
GKKLKKIGQKIKNFFQKL,6.996382233,2146.704,-5.1181,-4.76
YKLLKKLLKKLKKLLKKL,8.990010422,2240.046,1.118,-4.76
GAPKGCWTKSYPPKPCSGKR,4.906639835,2148.55,-9.77503,-4.75
RLLRPLLQLLKQKLR,4.990642864,1888.431,-3.40679,-4.75
FIHHIIGGLFSAGKAAHRLIRRRRR,7.288913728,2939.535,-10.65228,-4.74
KRIVQRIKAFLR,4.988584859,1527.932,-3.89869,-4.73
KKIWQKIKRFFQKL,5.988113134,1891.389,-1.51233,-4.72
GEKLKKIGQKIKKFFQKL,5.998157355,2161.715,-4.1287,-4.72
SFLGEWLFVTRKAKRKHKHA,5.191738409,2439.906,-6.54966,-4.72
GCKKFRRLKWKYKGKFWFWCG,7.906319301,2753.4,-1.95686,-4.72
WKKIWKPGIKKWKK,6.994822778,1854.371,1.0055,-4.71
IRVKIRVKIRVK,5.997433797,1507.986,-2.98579,-4.71
KWKKLLKKPLLKKLLK,7.987622209,2005.706,1.2091,-4.71
VVRRPVYIPQPRPPHPRL,4.095579327,2177.641,-5.03002,-4.71
KIVQRIKKWLR,4.988426015,1467.876,-2.05636,-4.7
GLFDIWKKLRWRR,3.997898866,1774.157,-1.80119,-4.7
RKIIAVSVHKLCRVKR,6.044610371,1906.431,-6.13879,-4.7
KWCFRVCYRGICYRRCSG,4.808315922,2256.748,-7.63832,-4.7
GWGRFFKKWWRVGKRVGK,6.99685099,2278.752,-3.55929,-4.7
RWRWWWRWRI,3.990971979,1687.001,1.48068,-4.69
KNLRRIIRKIIHIIKKYG,7.086230392,2262.876,-4.31069,-4.69
LRAAHRLAIGRR,4.096309124,1389.682,-6.42062,-4.68
RFRLPFRRPPIRIHPPPFY,5.088924365,2462.991,-2.74125,-4.68
RRFRIVVIRWLR,4.990960551,1670.097,-2.53555,-4.67
LPRRNRWSKIWKKVVTVFS,5.997014227,2400.913,-6.20059,-4.67
PIRRPPIRPPFYPPFRPPIRP,4.998891676,2567.14,-3.03685,-4.67
AKKPVAKKAAGGVKKPK,6.996842475,1706.16,-6.2751,-4.66
RRGWVLALVLRYGRR,4.990110136,1871.279,-5.09285,-4.66
AARIILRNRFR,3.997963968,1385.69,-5.40442,-4.65
KKIWQKIKNFFRKL,5.988113134,1877.362,-1.90243,-4.65
GEKLKKIGQKIKNFFKKL,5.998157355,2147.688,-4.5188,-4.65
QKLCERPSGTWSGVCGNNNACKN,1.860048892,2466.774,-17.78173,-4.65
PQPRPPHPRL,2.098578331,1194.411,-3.98506,-4.65
NAMRGAKRVWRHI,4.084415545,1594.92,-6.17369,-4.64
RRVHVHVPGVHVHVRR,4.386216545,1940.306,-7.33982,-4.64
RWCVYAYVRVRGVLVRYRRCW,5.899048175,2760.353,-5.19618,-4.64
RWCRRYRVRVRGVLVYAYVCW,5.899048175,2760.353,-5.19618,-4.64
RKKKIKIIKKII,6.990008985,1509.054,-1.00113,-4.63
VKKWVKKWVKKWVKKA,7.996331547,2069.668,0.5182,-4.63
GTAWRWHYRARS,3.095463448,1546.721,-6.07269,-4.62
RVVRPVVQVVKQKVR,4.990642864,1790.242,-6.13749,-4.61
KWWVFRVVYPRIVYRRVRWK,6.986877752,2793.423,-0.67255,-4.61
KKLFKKIGLRYK,5.987254947,1521.964,-1.39993,-4.6
KKFFRAWWARRFLK,5.988423048,1940.384,-0.86049,-4.6
RLRAPPPFHKRCVC,4.000241508,1680.091,-5.07179,-4.6
RRLIRLILRLLR,4.990960551,1591.08,-2.62985,-4.59
KRKIAARARLVA,4.988591945,1352.701,-5.39329,-4.59
FMKKIVKIGKIARYSHKAKK,8.089480945,2375.025,-4.85653,-4.58
VRRFPYYYPFLRR,3.995057211,1833.18,-1.68622,-4.58
FKCKKWQWKMKKLG,5.947006887,1839.359,-1.2087,-4.57
ILKWKWKWWKWRR,5.997274609,2000.483,2.97064,-4.57
KIPKPLKKFAKKT,5.987974039,1526.98,-2.2621,-4.56
KGIRGYKGGYKGAFKQTKY,5.985554832,2150.519,-8.01013,-4.56
RWLRLNGRWLRL,3.990971979,1638.995,-3.07662,-4.56
FIIGGLFSAGKAIHRLIRRRRR,7.091287387,2594.172,-9.05818,-4.56
LVQRGRFGRFLRKI,4.997341916,1746.148,-5.30922,-4.55
SLLWRWNSMKPVGASCRDHLECGTKYCRRSICTF,3.914367268,4005.73,-16.64012,-4.55
KWWRLLHKKQ,4.087242497,1422.75,-0.81673,-4.54
GIWTCRKKRA,3.952501843,1218.499,-4.72196,-4.53
KRWKKFFRKVIKFF,6.988093676,1958.483,0.26914,-4.53
KWKKLLKKLLPLLKKLLKKLK,9.987297899,2601.536,2.0294,-4.53
KWIVWRWRFKR,4.988584859,1661.044,0.41091,-4.51
IASKVANTVQKLKRKAKNAV,5.997121868,2167.636,-10.95303,-4.51
GRWRWWWRWRV,3.997502055,1730.026,0.20678,-4.51
GLCKYRCSLHSRPNVCFR,3.961249338,2139.572,-9.74929,-4.51
RFLKHFKTVYKRYWKVLGRL,7.087439014,2639.247,-2.55039,-4.51
IRPAKLRWFKKIK,5.997274954,1684.16,-1.11046,-4.5
RVVRPVVQVVKEKVR,3.992417987,1791.226,-5.53819,-4.5
KKLFKKILKYLKK,6.986933949,1678.233,0.4943,-4.49
KWWKRWKKWW,4.988276369,1617.974,3.16077,-4.48
KKLFKKILKYLKKLFKKILKYLKKLFKKILKYL,14.98394366,4229.619,3.9731,-4.47
KISKRILTGKK,4.988267516,1271.619,-4.83163,-4.46
KLWKKWKKWLK,5.987946518,1572.027,2.2845,-4.45
RWWRWWRRWWW,3.990973059,1946.269,3.36738,-4.45
RRRRWWWWWWW,3.990973059,1946.269,3.36738,-4.45
KGLGKLIGIDWLLGQAKDAVKQYKKDYKRWH,5.087056601,3657.336,-8.12793,-4.45
RWRLLLLKRH,4.089610005,1390.753,-1.44549,-4.44
WKWKWKNGKWKWKW,5.994993785,2075.505,2.3255,-4.44
VKKWVKKWVKKWVKKW,7.996333658,2184.803,2.2223,-4.44
RFRLPFRRPWPIRIHPPPFYPWPFRRFL,7.088924802,3749.545,-0.85961,-4.44
AAWKKAAKKAAKSAKKAG,6.996849216,1814.216,-7.9502,-4.43
ACPIFTKIQGTYRGRAKCR,4.907425537,2169.617,-9.84879,-4.43
VRRFPWWWPFLRRK,4.997446643,2030.469,0.25468,-4.43
FRIRVRVKWKLFKKI,6.992005803,2017.596,-0.84899,-4.42
KKKPKPPYLPKPKPPPFFPPKLPPKI,7.986779567,3005.829,0.1967,-4.42
LKKIGKKIWRVGWNTR,5.996853957,1983.447,-4.52586,-4.41
LKKLLKKLLKKLLKKLLKKL,9.995895768,2431.365,1.3605,-4.4
RLARIVKIRVAR,4.990801707,1450.85,-4.59672,-4.4
KLKLKLKLKLKLKLKLKLKL,9.987305672,2431.365,1.3605,-4.4
QSHLSMCRYCCNCCRNNKGCGFCCKF,3.732811958,3009.646,-16.92096,-4.39
SRWPSPGRPRPFPG,2.992982252,1593.818,-6.76439,-4.39
TSRCYIGYRRKVVCS,3.900895598,1791.14,-8.78459,-4.38
KNWKKIAGMAKKLLKKNWKLM,7.987626128,2558.301,-3.3131,-4.38
VCRKPVVCRKPVVCRKPV,5.863080874,2066.694,-5.93929,-4.38
KWCFAVCYRGICYRRCR,4.808308836,2183.697,-5.72692,-4.38
KWCFRVCYRGICYARCR,4.808308836,2183.697,-5.72692,-4.38
KWCFRVCYRGICYRACR,4.808308836,2183.697,-5.72692,-4.38
WWKRWKRIRRIFMMV,5.995626064,2192.793,0.16568,-4.38
GKSYRRFRWKFKGKLFLFG,6.996007318,2421.934,-3.94769,-4.38
NGAICWGPCPTAFRQIGNCGRFRVRCCRIR,5.762328931,3412.104,-16.33528,-4.38
KNIRRIIRKIIHIIKKYG,7.086230392,2262.876,-4.31069,-4.37
IRIRPIRIRP,3.997911587,1289.645,-2.98862,-4.36
QLLWKKRWWR,3.992325306,1499.836,0.07574,-4.36
KRLFKKLLFSLRKY,5.987414504,1840.341,-1.64636,-4.36
FCPRRYKQIGTGLPGTKCK,4.901946063,2153.614,-8.88526,-4.36
FWLRNIRKVR,3.99248415,1387.705,-2.72939,-4.35
KLCEKPSKTWFGNCGNPRHCG,2.954974178,2362.756,-11.59213,-4.35
KFFKKFFKKFFKKFFKKFFKKFFKKFFK,13.98664928,3872.943,4.6917,-4.34
RWCVYAYVRIRGVLVRYRRCW,5.899048175,2774.38,-4.80608,-4.34
KKCGFFCKLKNKLKSTGSRSNIAAGTHGGTFRV,7.997391805,3543.196,-19.37286,-4.34
ILPWKWPKKPWRR,4.997436764,1791.231,0.91224,-4.33
GWKKFFKKAKKVWK,6.99637446,1809.286,-0.1556,-4.32
LALRTAGWLRLLGFRDKKKN,4.997732392,2356.857,-6.98299,-4.32
WKKIKKIIKKIKKI,7.994668396,1795.429,0.6872,-4.29
KKKVVVKKKVVWK,6.987784364,1597.119,-0.8771,-4.29
WHWTWLPKKKRKV,5.094124859,1793.203,-0.27793,-4.29
KKLFKKILKRL,5.988113134,1414.896,-0.41833,-4.28
KKLFKKILKYLKFLHSAKKDEL,6.088091773,2719.407,-2.3611,-4.28
KWKKLLKKPLLKKL,6.987792136,1764.371,1.0644,-4.27
KWKKPLLKKLLKKL,6.987792136,1764.371,1.0644,-4.27
LVKRFKKFFRKLKKSVLL,7.996537765,2278.958,-1.84276,-4.27
KLGKKLGKLGKKLGKLGKKLG,8.987466796,2192.862,-5.6797,-4.26
KLLKKGGKLLKKGGKLLKKGG,8.987466796,2192.862,-5.6797,-4.26
ALWKTMLKKAAHVGKHVGKAALGAAARRRK,9.194621037,3225.969,-11.68549,-4.25
KVKVKVKVPPTKVKVKVK,7.987622209,2032.685,-3.3429,-4.25
KWWVFRVVYRGIVYRRVRWK,6.986877752,2753.358,-1.54735,-4.25
LKKLCRILKKLCRA,5.907494024,1686.264,-3.14676,-4.24
KKWRAWLKWLAKK,5.988105362,1742.199,0.42817,-4.24
AKKVFKRLPKLPSKIWNWK,6.997001318,2367.967,-2.45303,-4.24
PRYPRWPRHPTIYA,3.09687316,1810.102,-3.53299,-4.23
LDCWVRLGRYLLRRLKTP,3.952518768,2258.777,-4.69632,-4.23
AAHCLAKRKK,4.051617444,1125.414,-4.58683,-4.22
FLPAIYKQIQKKRK,4.991154238,1761.195,-3.13363,-4.22
RWGKWFKKNSHLS,4.08930193,1673.948,-4.93983,-4.22
RGLRRLGKKIAHGVKKYGPTVLRIIRIAG,9.088281775,3228.004,-10.56235,-4.22
RRIIRKIIHIIKK,6.089294224,1687.209,-2.36489,-4.21
KLKKLLKKWLKLLKKLLK,8.987460054,2263.084,1.8937,-4.21
KLPKLPWKPKK,4.988108673,1362.775,0.2261,-4.21
SAPRGCWTKSYPPKPCK,3.902278236,1906.271,-7.62123,-4.21
WKLKLKLKLKLKLKLKLK,8.994498469,2263.084,1.8937,-4.21
KLLKKLLKLWKKLLKKLK,8.987460054,2263.084,1.8937,-4.21
LKKWLKKWLKK,5.996536614,1498.973,1.6066,-4.2
KKAAHVGKHVGKAAKK,6.18557286,1658.035,-6.9697,-4.2
KWCFCVCYRGICRCRCRG,4.719799318,2212.786,-7.71932,-4.2
ILKWKRKWWKWFR,5.997274609,1961.446,2.48934,-4.19
ASKKLVRWWLRWWKK,5.997322316,2071.559,-0.11556,-4.18
AVKKLLRWWSRWWKK,5.997322316,2071.559,-0.11556,-4.18
AVKKLSRWWLRWWKK,5.997322316,2071.559,-0.11556,-4.18
ALKKLVRWWKRWWSK,5.997322316,2071.559,-0.11556,-4.18
RKCVRVQLIKNGKKITAF,5.945630326,2102.633,-7.52176,-4.18
ALKKLSRWWKRWWVK,5.997322316,2071.559,-0.11556,-4.18
AKKKLSRWWLRWWVK,5.997322316,2071.559,-0.11556,-4.18
GQLNKFIKKAWRKFFEKFAK,5.998308426,2515.056,-3.88933,-4.17
KRIVKWIKKFLR,5.988263861,1615.097,-0.46536,-4.16
GRLNKFIKKAWRKFVLKFAK,7.996529992,2479.115,-3.29696,-4.16
GFCWNVCVYRNGVRVCHRRCN,3.916720352,2542.012,-11.73962,-4.16
QKKIRVRLAA,3.992332392,1182.485,-4.40046,-4.15
KLKLKLKLKLKLK,6.987784364,1594.2,0.3955,-4.14
KWWKWWKKWWKK,5.987946518,1904.349,4.8491,-4.14
IDWKKVDWKKVSKKTCKVMLKACKFL,6.90855938,3155.004,-4.5686,-4.14
PRPRPLPFPRPG,2.999760818,1386.673,-3.60319,-4.14
WKKWWKKWWKKW,5.994993785,1904.349,4.8491,-4.14
ARIVQRIKDFLR,2.998529036,1514.845,-4.55299,-4.13
KRIVQRIADFLR,2.989470925,1514.845,-4.55299,-4.13
GWKKFFKKWKKVWK,6.99637446,1924.421,1.5485,-4.13
RFRPPIRRPPIRPPFYPPFRPPIRPPIFPPI,6.990111631,3788.66,-2.97841,-4.11
RRLGLWLGLRR,3.990963862,1395.729,-3.52942,-4.11
WKKAWKPGAKKWAK,5.994984933,1713.113,-1.156,-4.11
AKRLKKLAKKIWKWL,6.997009091,1910.48,-0.10503,-4.11
LRKAKKIAKKLF,5.996687083,1443.894,-1.93983,-4.1
DCWVRLGRYLLRRLKTPF,3.953510075,2292.794,-4.49972,-4.1
GAFVLWGPTPRPRRR,3.997495953,1766.094,-5.91052,-4.09
RRWPLKPKKWPLI,4.990492138,1718.177,0.23434,-4.08
RRWPLKPWKKPLI,4.990492138,1718.177,0.23434,-4.08
ILPWKKPKLPWRR,4.997436764,1718.177,0.23434,-4.08
ILPKKWPKLPWRR,4.997436764,1718.177,0.23434,-4.08
GGHRAGLQFPVGRVHRLLRK,5.194960485,2254.688,-9.26662,-4.08
LLRWIWRPWRR,3.997495953,1638.01,0.11588,-4.07
FIKWKFRWWKWRK,5.992001341,1995.463,2.68594,-4.06
WWVFRVVYPRIVYVRRRWTGPKK,6.993916167,3048.697,-2.69975,-4.06
WWVFRVVYPRIVYRRVRWTGPKK,6.993916167,3048.697,-2.69975,-4.06
PFFWRIRIRR,3.99975042,1446.776,-1.45912,-4.05
KRRILIRILKLIIKLILKKR,8.988095083,2528.406,-1.18532,-4.04
KAAKKAAKAAKKAA,5.98795326,1355.697,-6.3661,-4.04
RWFRFNGRWFRF,3.990955832,1775.063,-2.29022,-4.04
FWIRNIRKVR,3.99248415,1387.705,-2.72939,-4.03
VRRFPYYWPFLRR,3.995907625,1856.218,-0.91052,-4.03
VRRFPYWYPFLRR,3.995907625,1856.218,-0.91052,-4.03
VRRFPWYYPFLRR,3.995907625,1856.218,-0.91052,-4.03
RIVQRIKKWLLKWKKLGY,6.989310355,2356.988,-1.00886,-4.03
RIVQRILKWLKKWYKLGK,6.989309641,2356.988,-1.00886,-4.03
AKKVFKRLEKLFSKIWNWK,5.998776441,2450.025,-2.35793,-4.03
AIHKLAHKTLKKTLRAVKKLAN,7.194622996,2483.101,-7.84893,-4.03
GLLKKIGKKAKKAGKKLGY,7.995362604,2029.597,-5.1452,-4.02
KWAKKWKWFAKAAWKWYKK,7.986771795,2569.154,2.0473,-4.02
WPKLPKIPKLPKYPKYPKWPK,6.99312195,2633.319,2.0236,-4.02
AALRKKDWWK,2.998211694,1301.563,-1.57963,-4.01
KRIWQKIKNFFQKL,4.988275289,1877.318,-2.76593,-4
KKIWQKIRNFFQKL,4.988275289,1877.318,-2.76593,-4
KKIWQRIKNFFQKL,4.988275289,1877.318,-2.76593,-4
FKKLKKLFKKILKLK,7.991359345,1903.569,0.9334,-4
LLLKCKKLKLKKCLKLK,7.906845286,2041.827,-0.6306,-4
LKCKCKLLKLLKLKKLK,7.906845286,2041.827,-0.6306,-4
GEKLKKIGQKIKNFFQKL,4.99831951,2147.644,-5.3823,-4
KRRLALFRLFRLALKLVLKK,7.988257582,2483.236,-2.31752,-4
RIGRWLLWRGIRRIGRWL,5.990965357,2363.907,-3.43768,-3.99
KKLKKFLKLQ,4.988108328,1273.678,-0.947,-3.98
LKKKKFKLLQ,4.996698425,1273.678,-0.947,-3.98
KKKLKFLKLQ,4.988108328,1273.678,-0.947,-3.98
KKKLKFKLLQ,4.988108328,1273.678,-0.947,-3.98
LKKKKFLKLQ,4.996698425,1273.678,-0.947,-3.98
KLKKKFKLLQ,4.988108328,1273.678,-0.947,-3.98
KLKKKFLKLQ,4.988108328,1273.678,-0.947,-3.98
LKLKKFKKLQ,4.996698425,1273.678,-0.947,-3.98
LKKKLFKKLQ,4.996698425,1273.678,-0.947,-3.98
KLLKKFKKLQ,4.988108328,1273.678,-0.947,-3.98
LLKKKFKKLQ,4.996698425,1273.678,-0.947,-3.98
KKLKLFKKLQ,4.988108328,1273.678,-0.947,-3.98
KLKLKFKKLQ,4.988108328,1273.678,-0.947,-3.98
KKKLLFKKLQ,4.988108328,1273.678,-0.947,-3.98
KKLLKFKKLQ,4.988108328,1273.678,-0.947,-3.98
LKLLKFKKKQ,4.996698425,1273.678,-0.947,-3.98
LKLKLFKKKQ,4.996698425,1273.678,-0.947,-3.98
KKLLLFKKKQ,4.988108328,1273.678,-0.947,-3.98
LKKLLFKKKQ,4.996698425,1273.678,-0.947,-3.98
KKKKLFLKLQ,4.988108328,1273.678,-0.947,-3.98
KLKKKFLLKQ,4.988108328,1273.678,-0.947,-3.98
KKKLKFLLKQ,4.988108328,1273.678,-0.947,-3.98
KKKKLFLLKQ,4.988108328,1273.678,-0.947,-3.98
KLLKLFKKKQ,4.988108328,1273.678,-0.947,-3.98
LLLKKFKKKQ,4.996698425,1273.678,-0.947,-3.98
LLKKLFKKKQ,4.996698425,1273.678,-0.947,-3.98
KLKLLFKKKQ,4.988108328,1273.678,-0.947,-3.98
LKKKLFKLKQ,4.996698425,1273.678,-0.947,-3.98
KLLKKFLKKQ,4.988108328,1273.678,-0.947,-3.98
LLKKKFKLKQ,4.996698425,1273.678,-0.947,-3.98
KKLLKFLKKQ,4.988108328,1273.678,-0.947,-3.98
LKKKLFLKKQ,4.996698425,1273.678,-0.947,-3.98
KLLKKFKLKQ,4.988108328,1273.678,-0.947,-3.98
KKKLLFLKKQ,4.988108328,1273.678,-0.947,-3.98
LKKLKFLKKQ,4.996698425,1273.678,-0.947,-3.98
LKKLKFKLKQ,4.996698425,1273.678,-0.947,-3.98
KLKKLFKLKQ,4.988108328,1273.678,-0.947,-3.98
KLKKLFLKKQ,4.988108328,1273.678,-0.947,-3.98
KKKLLFKLKQ,4.988108328,1273.678,-0.947,-3.98
KKLLKFKLKQ,4.988108328,1273.678,-0.947,-3.98
KLKLKFLKKQ,4.988108328,1273.678,-0.947,-3.98
GKFLKKAKKFGK,5.996536614,1379.762,-2.6807,-3.98
RWAVYAYVRVRGVLVRYRRAW,5.988415194,2696.219,-5.01598,-3.98
FIHHIIGGLFSAGKAIHRLIRRRRR,7.288913728,2981.616,-9.62608,-3.98
KWRRWIRLL,3.988755131,1326.665,-0.21819,-3.97
RWRLLGLLKRH,4.089610005,1447.805,-2.32929,-3.96
WLKWIGLRKKR,4.99546443,1483.878,-0.62246,-3.96
GILKTIKSIASKLKRKAK,6.996533303,1983.525,-7.05573,-3.96
LKLKLKLKLKLKLKLKLK,8.99605015,2190.03,1.2158,-3.96
KLKLKLKLKLKLKLKLKL,8.987467827,2190.03,1.2158,-3.96
IGKLFKRIVQRIKKFLRNL,6.997279415,2371.016,-4.37919,-3.96
GYCFTACYLRNGARICYRRCN,3.816206353,2503.955,-11.51942,-3.96
WKKLKKLLKKL,5.994992706,1425.919,0.9287,-3.95
KFFKKLKKSVKKHVKKFFKKPKVIGVSIPF,12.08577839,3590.596,-3.4245,-3.95
RLIKRLKTFVRKTWKWVGHF,7.089123695,2600.214,-3.34219,-3.95
KFVTVWVRGWKRKRFG,5.98842979,2050.497,-3.60789,-3.94
GWKRKRFGKFVTVWVR,5.9970128,2050.497,-3.60789,-3.94
GYCFTACYARNGVRICYRRCN,3.816206353,2489.928,-11.90952,-3.94
VRLRIRVAVIRK,4.997446643,1478.904,-3.96062,-3.94
GLRRLGRKIAHG,4.096157367,1333.614,-6.33189,-3.93
KKCIAKAILKKAKKLLKKLVNP,8.942771182,2477.287,-3.9562,-3.93
RPAWRKAAFRVMRACV,4.9461243,1918.382,-5.60022,-3.93
VHVPPICSHRECRK,2.107487712,1660.997,-6.62496,-3.92
AARIILRTRFR,3.997963968,1372.691,-4.89902,-3.92
LKKACRILKKLCRI,5.907495055,1686.264,-3.14676,-3.92
AKKLCRILKKLCRI,5.90796307,1686.264,-3.14676,-3.92
LKKLCRIAKKLCRI,5.907495055,1686.264,-3.14676,-3.92
LKKLCRILKKACRI,5.907495055,1686.264,-3.14676,-3.92
RIWWSGGWRRWRW,3.990973059,1888.183,-1.80982,-3.91
RILTMTKRVKMPQLYKQIVCRLFKTC,6.900091459,3199.087,-7.89699,-3.91
WKRLVAASAKKK,4.995305931,1385.726,-4.01153,-3.9
VKKLVKKLVKKAVKKL,7.996332578,1850.506,-1.5155,-3.88
GLLKKIAKKAKKAGKKLGY,7.995362604,2043.624,-4.7567,-3.88
RIRFPWPWRWPWWPRFRG,4.990967637,2583.064,0.76395,-3.88
RFCVYAYVRVRGVLVRYRRCF,5.899030948,2682.279,-6.15878,-3.88
KWKSFIKKLTLKFLHSKKKF,8.086427005,2536.203,-2.3908,-3.87
GFKRLVQRLKDFLRNLV,3.997904968,2102.567,-5.56829,-3.86
FRRFFKWPRRFFKFF,5.992310653,2212.691,0.42568,-3.86
GFCWNVCVYRNGVRICHRRCN,3.916720352,2556.039,-11.34952,-3.86
FRRFFKWFRRPFKFF,5.992310653,2212.691,0.42568,-3.86
KFLKKAKKFGKA,5.98795326,1393.789,-2.2922,-3.84
KLLKKAGKLLKKAGKLLKKAG,8.987466796,2234.943,-4.5142,-3.84
WKKVFKRLEKLFSKIWNWK,5.996756744,2565.16,-0.65383,-3.84
CNGKRVCVCR,2.865629554,1137.428,-6.97476,-3.83
AKRLLGYKRKFL,4.996641829,1492.882,-2.37476,-3.83
KWKKLLKKPLLK,5.987946518,1523.036,0.9197,-3.83
KRIVARIKAALR,4.988584859,1394.782,-4.36709,-3.83
RKCVKVQLIKNGRQVTAF,4.945792481,2088.562,-8.77536,-3.83
DDALKKLLKKLLKKL,3.998986529,1767.28,-1.7946,-3.82
KKAKKFGKAFVK,5.987946518,1379.762,-2.6823,-3.82
IRIKIRIKIRIK,5.997433797,1550.067,-1.81549,-3.81
LKKLWKRIIKVGR,5.996853957,1638.132,-1.54576,-3.81
LCYCRRRFCVCVGR,3.817911501,1734.186,-6.34652,-3.81
GIWKKWIKKWLKKLLKKLWKKG,9.995894737,2837.685,2.3045,-3.8
RPILIRVRRIRVI,4.990968668,1660.143,-3.41905,-3.79
VCYCRRRFCVCVGR,3.818024002,1720.159,-6.73662,-3.79
RIRWILRYWRWS,3.990114875,1791.147,-0.96492,-3.79
RAGLKFPVGRVHRLLR,5.089614878,1875.311,-5.69992,-3.79
RWRRLLKKLHHLLHSATFIKHFIHRF,7.484535222,3392.133,-5.04482,-3.79
DILIIVGGRRRR,2.999214183,1423.736,-5.63792,-3.78
KRRLFLFRLFRLFLRLFLKK,7.988416426,2711.49,-0.15095,-3.78
KKMKKALQYIKLLK,5.987096104,1733.291,-1.3541,-3.77
KWKSFLKTKKSAKKTVLHTALKAISS,8.086436462,2930.585,-10.5055,-3.77
RIIDLLWRVRRPQKPKFVIVWVR,5.991360153,2974.7,-3.06395,-3.77
GIRRGIIRIIKR,4.997333798,1450.85,-4.59352,-3.76
GLFGKLIKKFGRKAISYAVKKARGKH,9.094322065,2902.586,-8.23466,-3.76
GKKKKSVQWCA,3.952184156,1262.548,-5.0188,-3.75
AARIILRPRFR,3.997963968,1368.703,-3.77362,-3.75
RLWRIVVIRVKR,4.990801707,1594.039,-2.25652,-3.75
ILRWPWRIWRR,3.997916606,1638.01,0.11588,-3.75
MARNKPLGKKLRLAAAFK,5.99323173,2013.539,-6.09086,-3.75
TMSLRFWRWKVR,3.991962018,1666.038,-2.83109,-3.73
LKLKLKNPDGKLKLKL,4.997268299,1849.386,-2.7914,-3.72
KWKSFIKKLTDKFLHSAKKF,6.087313071,2481.035,-4.0713,-3.71
FKRIVQRIKDFLRNLV,3.993052008,2045.515,-4.68449,-3.7
VNWRRILGRIIRVVR,4.997605142,1906.369,-5.11495,-3.7
KWCRKWQWRGVKFIKCV,5.898902943,2251.813,-2.27306,-3.69
KGIRGYKGGYCKGAFKQTCKCY,5.851504304,2459.957,-9.76633,-3.69
CWVRLGRYALRRLKTPFT,4.954167401,2236.73,-5.61982,-3.69
RKRCRFCCNCCPGKQGCVFCCGF,4.633166759,2619.272,-12.52449,-3.69
GCLEFWWKCNPNDDKCCRPKLKCSKLFKLCNFSF,3.731646818,4102.951,-11.31523,-3.69
CKWKWKWKWKC,4.909661405,1610.038,1.6469,-3.68
CWWWWKKKKKC,4.909661405,1610.038,1.6469,-3.68
CKKKWWWWKKC,4.909661405,1610.038,1.6469,-3.68
RWKIFKKVVKKW,5.990172219,1646.11,0.68817,-3.68
VQLRCRVCVIRK,3.908082936,1472.899,-5.16479,-3.68
KRWHWWRRHWVVW,4.186382552,2018.377,0.99831,-3.68
VARGAKRKCPAAGKGG,4.952452189,1526.838,-9.71896,-3.67
NLRRIIRKIIHIIKKY,6.083233762,2077.649,-3.04069,-3.67
KLKKLWKKLLKC,5.943253002,1529.065,0.3433,-3.66
KKKFPWWWPFKKKC,5.943253002,1937.441,2.0743,-3.66
KLKKLWCKKLLK,5.943263009,1529.065,0.3433,-3.66
FWFTLIKTQAKQPARYRRFC,4.946778409,2561.066,-6.08169,-3.66
KWKKLLKKPLKLLKKLL,7.987629982,2118.866,1.74,-3.65
QSHLSMCRWCCNCCRGNKGCGPCCKF,3.733662372,2925.572,-16.12576,-3.65
IKQVKKLFKK,4.997119422,1259.651,-1.3371,-3.64
KWKSFLKTFKSAKKTVKHTALKAISS,8.086436462,2964.602,-10.3089,-3.64
GWWRRTVAKVRA,3.997344196,1485.766,-4.53809,-3.64
ILKKWPWWPWRRK,4.997437109,1880.328,2.13004,-3.64
WRWWRWWRWWRW,3.995953468,2132.483,4.57618,-3.64
DKPKKKPPPPAGPPPPPPPPPG,2.998585896,2190.624,-5.0607,-3.64
KWFRVYRGIYR,3.987046185,1543.845,-1.63809,-3.63
VQLRIRVCVIRR,3.952924944,1510.927,-4.91422,-3.62
ALKKMLRLAKRLS,4.997485553,1527.994,-3.90096,-3.62
DDALRHLLRHLLRHL,1.296389036,1878.223,-4.88139,-3.61
KKKVVVVVKKK,5.987946518,1282.73,-1.6997,-3.6
KRLFKELLFSLRKY,3.989351782,1841.281,-1.91056,-3.6
TRRKFWKKVLNGALKIA,5.991485952,2029.516,-5.11396,-3.59
GIKKWLHSAKKFPKKFVKKIMNS,8.095026558,2744.446,-5.164,-3.59
ALKYRLFKKLKKF,5.996304684,1683.168,-0.28393,-3.59
ALYKRLFKKLKKF,5.996304684,1683.168,-0.28393,-3.59
FKCWRWQWRWKKLGAPS,4.947481069,2263.714,-2.40146,-3.59
KKPLLKKLLKKL,5.987954291,1449.982,0.2418,-3.58
AALRGCWTKSIPPKPCSGKR,4.908117108,2156.618,-9.61456,-3.58
FIHIIGGLFSAGKAIHRLIRRRRR,7.190100557,2844.474,-9.07668,-3.58
SIGSAFKKAAHVGKHVGKAALGAAARRRK,8.189791078,2944.5,-15.34459,-3.58
FWQRNIRFVR,2.992646304,1421.678,-3.39629,-3.57
KFAKKFAKKFAK,5.987946518,1441.833,-1.7071,-3.57
KKLFKKILKYLKDEL,3.989602911,1907.421,-0.2795,-3.57
KWKYPKLLKKLLK,5.987096104,1686.212,1.3528,-3.57
ILPWKKPWEPWRR,2.999374042,1792.171,0.64804,-3.57
LLLKKLLKKCLKCKK,6.907007441,1800.492,-0.7753,-3.56
KLCKLLCLKLLKKKK,6.898417345,1800.492,-0.7753,-3.56
KWKSFIKKLTSKALHSAKKF,7.08658916,2376.927,-5.7765,-3.56
LKKIGKKIWRVGWNWR,5.996853957,2068.556,-2.18266,-3.55
RRLFKKILKYL,4.989641723,1477.911,-0.46476,-3.55
RPAFRKAAFRVMRACV,4.9461243,1879.345,-6.08152,-3.55
RTVVAGYNLYRAIKKK,4.988783536,1880.275,-6.18796,-3.55
CLMARPNYRCKIFKQC,3.864607323,1974.485,-6.05246,-3.55
PAWFKARRWAWRMLKKAA,5.999274354,2273.798,-2.44519,-3.55
PAWRKAFRWAWRMLKKAA,5.999274354,2273.798,-2.44519,-3.55
KLFKRIVKRILKFLRKLV,7.988104496,2299.037,-0.85129,-3.55
DAPRIKKIVQKKLAG,3.998582585,1665.063,-5.32333,-3.54
APRIKKIVQKKLAGD,3.998046706,1665.063,-5.32333,-3.54
KWFKVYKGIYKKK,5.98624569,1716.153,0.1867,-3.54
VQWRAIRVRVIR,3.997608453,1551.914,-4.14622,-3.54
RIKRLALRWLKL,4.990650981,1566.025,-1.24669,-3.54
RFPFHRCGAGPKLTKDLE,2.047275568,2072.43,-7.08696,-3.54
RIIDLLWRVRRPWKPKFVTVWVR,5.991360153,3020.728,-2.27075,-3.54
WLSKTAKKLWLSKTAKKLWLSKTAKKL,8.994506242,3186.978,-6.2083,-3.54
FKCWRWQWRWKKLGA,4.947486728,2079.519,-0.86956,-3.53
LLKKLLKKLLKKLLKK,7.996212305,1948.695,1.0711,-3.52
LKLKLKLKLKLKLKLK,7.996212305,1948.695,1.0711,-3.52
KLKLKLKLKLKLKLKL,7.987629982,1948.695,1.0711,-3.52
KFRKFGKQVWVRL,4.988434133,1692.095,-2.40616,-3.52
ITRYLDKILRILRKYLKA,4.996463622,2276.851,-3.08859,-3.52
GGGGRFKRFRKKFKKLFKKLSPVIPLLHLG,10.09518444,3454.322,-6.81879,-3.51
VKEEVKFSKKW,2.000532522,1407.68,-2.2371,-3.5
GRLIKFIKKAWRKFIEKFAK,6.998305115,2508.153,-1.91746,-3.5
VRRFPAAAPFLRR,3.997608453,1556.889,-4.47142,-3.5
LVIRWVRAGYKLYRAIKKK,6.995150162,2361.964,-2.78129,-3.5
VCVYRGFAWNCHRRANNGVRV,4.006210293,2477.878,-11.55942,-3.5
GFCWNVAVYRNGVRVAHRRCN,4.006087371,2477.878,-11.55942,-3.5
GYCFTACYLRNGVRICYRRCN,3.816206353,2532.009,-10.88332,-3.5
LLDCWVRLGRYLLRRLKTPFTRL,4.952528592,2889.568,-5.29335,-3.5
AKRLLKVLKRF,4.997476096,1371.787,-1.78326,-3.49
GYGCPFNQYQCHSHCKGIRGYKGGYCKGAFKQTCKCY,5.921969386,4185.873,-18.46633,-3.49
FKRLKKLFSKIWNWK,5.991842498,2022.523,-0.96683,-3.49
GNWRKIVHKIKKAG,5.095677525,1635,-4.92393,-3.48
AKKIRVRLSA,3.997653367,1141.432,-4.67366,-3.48
VRRFPWWYPFLRR,3.996758039,1879.256,-0.13482,-3.48
VRRFPWYWPFLRR,3.996758039,1879.256,-0.13482,-3.48
VRRFPYWWPFLRR,3.996758039,1879.256,-0.13482,-3.48
VKKLAKLVRRF,4.997120582,1357.76,-2.17336,-3.47
QLLKKIRTWYRKAWHVYGKV,6.089119441,2574.128,-3.28966,-3.46
WKWWKKWWKK,4.995147088,1589.96,4.0265,-3.45
KWWKKWKKWW,4.988117525,1589.96,4.0265,-3.45
WKKWWKKWWK,4.995147088,1589.96,4.0265,-3.45
KWKWKWKWKW,4.988117525,1589.96,4.0265,-3.45
GIKIRKLFKKLLR,5.996853957,1613.122,-1.63696,-3.45
WKKIWKKIWKPGIKKWIKKWIK,9.994336314,2950.804,3.8572,-3.45
RLLRWWWRLLR,3.990963862,1654.053,0.65578,-3.45
AKRFFGYKRKFF,4.996625682,1594.933,-1.78496,-3.44
GLLKKIGKKAKKALKKLGY,7.995362604,2085.705,-3.7305,-3.44
KKLFKKILKYLKKL,6.986941722,1791.393,1.0252,-3.43
WKWKCTKSGCKWKW,4.905788921,1855.273,-1.8942,-3.43
GLLKRIKKLLKKIKKLL,7.996378921,2033.761,-0.67843,-3.43
KWKSFIKKAKTSFLHSAKKF,7.08658916,2410.944,-5.5799,-3.43
WIRYKWPRKVVRYWTGP,4.993917426,2291.743,-1.34579,-3.43
FPVGRVHRLLRK,4.091297665,1477.831,-3.59979,-3.42
KLAKKLAKLAKKLAKLAKKLA,8.987466796,2277.024,-3.3487,-3.42
KALKALKKALKALKKALKALK,8.987460054,2277.024,-3.3487,-3.42
GKREKCLRRNGFCAFLKCPTLSVISGTCSRFQVCC,5.730673893,3912.755,-18.71062,-3.42
RWRLLLLKKH,4.089451162,1362.739,-0.57976,-3.41
RWCFKVCYKGICYKKCK,5.809728501,2156.751,-3.02063,-3.41
FKCKKVVISLRRY,4.946630286,1640.081,-3.35326,-3.4
GLFDKWAWWRWRR,2.998061021,1863.169,-0.55449,-3.4
IGRARAITHTWGIWCRWGKVWRRS,6.051882228,2953.494,-8.73215,-3.4
RWRRLLKKLHHLLHSGGFIKHFIHRF,7.484535222,3334.053,-5.18272,-3.4
SKKLFKKILKYLAGPAKKLFKKILKYLKDEL,8.992007721,3694.694,-2.3326,-3.4
KWLKKWLKKWLK,5.987946518,1685.187,2.8154,-3.39
KWLKKWLKWLKK,5.987946518,1685.187,2.8154,-3.39
WKLKWKLKWKLK,5.994984933,1685.187,2.8154,-3.39
NKVKEWWKWLKKL,3.986738812,1786.204,0.5213,-3.39
WKKIWKPGIKKWIKGGGKK,7.994660623,2266.862,-1.5012,-3.39
AARIILRGRFR,3.997963968,1328.638,-4.64842,-3.39
FAKKLKKLAKKL,5.991691427,1415.88,-1.0741,-3.39
FIRRIARLLRRIF,4.992631652,1730.193,-2.73195,-3.39
VKRFKLFFRKLKSV,5.996972559,1796.288,-2.13216,-3.39
KKAAAKAAAAAKAAWAAKAAAKKKK,8.987460054,2423.989,-9.783,-3.39
KVVFKVKFKKK,5.987946518,1378.818,-0.5263,-3.38
KKKVVFKVKFK,5.987946518,1378.818,-0.5263,-3.38
KWKSFIKKLTSAAKKVTTAAKPLTK,7.987622209,2775.428,-9.0799,-3.38
AKKVFKRLEKLFSKI,4.998946368,1835.318,-2.74953,-3.37
RKLDLKLDLKLDL,0.992667184,1582.953,-2.43313,-3.37
RVVRWWWRVVR,3.990963862,1597.945,-0.90462,-3.37
FFALQCAAKTRTRRV,3.947806742,1768.128,-7.69159,-3.37
KPCKGWLCKLKLR,4.898900153,1573.059,-2.14533,-3.36
RLPRIWWIRVPR,3.990963862,1648.046,-0.96112,-3.36
RYIYLSGTDRIIRAKLGK,3.989666291,2123.538,-7.05469,-3.36
DAACAAHCLFRGRSGGYCNGKRVCVCR,3.873597238,2874.391,-16.70332,-3.36
CARLNCVPKGTSGNTETCPCYASLHSCRKYG,2.874994932,3320.84,-20.33226,-3.36
WKVKWKVKWKVK,5.994984933,1643.106,1.6451,-3.33
KWVKKWVKKWVK,5.987946518,1643.106,1.6451,-3.33
WKKIWKPGIKKWIKK,6.994822778,1967.531,1.5364,-3.33
YYHFWHRGVTKR,3.188068848,1649.885,-3.15026,-3.33
KKCIAKAILKKAKKLLKDLVNP,6.943657248,2464.2,-4.6105,-3.33
KWKSKLKTFKSLKKTVLHTALKAISS,8.086436462,2972.666,-9.4793,-3.33
GKAPKLKIFDTKNLK,3.997422681,1701.092,-4.9001,-3.32
LKKAKKFGKAFVKILKK,7.996212305,1975.592,-1.862,-3.32
YKAWRWAWRWK,3.99113111,1636.933,0.91494,-3.32
GKEFKRIVWLSKTAKKL,4.998478353,2032.512,-4.28643,-3.32
AIKIRKLFKKLLR,5.997321972,1627.149,-1.24846,-3.31
INLKKLAARIKKKI,5.997123883,1637.141,-3.24533,-3.31
KLWKKIEKLIKKLLTSIR,5.989717985,2238.886,-2.03823,-3.31
VRRFPWAAPFLRR,3.997608453,1672.024,-2.76732,-3.31
VRRFPAWAPFLRR,3.997608453,1672.024,-2.76732,-3.31
KRLKKIFKKMIKIF,6.987934832,1821.448,0.16087,-3.31
KQWRIRVCVIRA,3.94407059,1527.913,-4.00669,-3.3
KKIGQKIKNFFQKL,4.988116446,1720.142,-3.9928,-3.3
RKILILIKRK,4.990484365,1280.718,-1.09446,-3.3
KRKILILIKR,4.988426015,1280.718,-1.09446,-3.3
LKLKLKPNKLKLKL,5.996544387,1677.246,-0.8671,-3.3
GLLKKIAKKAKKALKKLGY,7.995362604,2099.732,-3.342,-3.3
RWRRLLKKLHHLLHGGGIKQLLHFFQRF,7.385722051,3536.307,-5.96272,-3.3
WKKIRVRLSA,3.995633671,1256.567,-2.96956,-3.29
KWKIRVRLSA,3.988595256,1256.567,-2.96956,-3.29
RLCRIWWIRWCR,3.901596843,1747.185,-1.04592,-3.29
LLDCWVRLGRYLLRRLKT,3.952551651,2274.82,-4.15642,-3.29
AALRGCWTKSIPPKPCPGKR,4.908117108,2166.657,-8.10066,-3.28
FCRIVQRIKDFLR,2.948524552,1694.089,-3.91559,-3.27
AKKVFKRLEKLFSKIFNFK,5.998776441,2371.951,-3.32053,-3.27
GWFKKTVKKVGGWYNKHKPTIHKVGGAVWNVVKKWKK,11.19250177,4349.265,-8.5337,-3.27
WWKRWKKLRRIFLML,5.995469236,2160.766,1.71451,-3.27
KYKKALKKLAKLL,5.987103877,1545.039,-0.8376,-3.26
KRIVARIKAFLR,4.988584859,1470.88,-3.14429,-3.26
KKLFKKILKKL,5.987954291,1386.882,0.4474,-3.25
AKKVFKRLEKLFS,3.999101833,1593.983,-2.89423,-3.25
AARIILRARFR,3.997963968,1342.665,-4.25992,-3.25
CWVRLGRYLLRRLKTPFT,4.954167401,2278.811,-4.59362,-3.25
LRLKKYKVPQL,3.996177126,1385.766,-1.58913,-3.24
LLDCWVRLGRYLLRRLK,3.952524131,2173.715,-3.02202,-3.24
GIKKWLHSAKKFGKKFVKKIMNS,8.095026558,2704.381,-6.0388,-3.23
KAAKAAKKAAKAAWK,5.987946518,1541.911,-5.1573,-3.23
RLMRIFRILKLAR,4.990801707,1686.202,-2.35582,-3.23
ASSLLLVGWKKWSKKWKHWIPQCKKFGKK,9.050647827,3527.349,-4.9603,-3.23
FAVAVKAVAVKAVAVKAVKKAVKKVKKAVKKAVKKKK,14.99022426,3889.07,-8.5562,-3.23
LRKLKKILKKLF,5.996687083,1528.056,0.11257,-3.22
GFKRIVQRIKDFLRNLV,3.997904968,2102.567,-5.56829,-3.22
HLRRINKLLTRIGLYRHAFG,5.189906977,2434.935,-7.27032,-3.22
RGLRRLGRKIAHGVKKYGPTVLRIIRIAGGGGGSC,9.04374036,3674.45,-17.07158,-3.22
FAKKLKKLAKLAKKL,6.991529272,1728.294,-1.4247,-3.21
KWKLKPLLKKLLKKL,6.987792136,1877.531,1.5953,-3.21
CGGYSGGWHRLRSTSYRCG,3.007591336,2103.341,-13.07869,-3.21
SGGYCGGWHRLRCTSYRSG,3.000727575,2103.341,-13.07869,-3.21
KWKSFLKTFKSAKKTVLHTLKKAISS,8.086436462,3006.683,-9.2827,-3.2
KWKSFLKTFKSAKKTVKHTLLKAISS,8.086436462,3006.683,-9.2827,-3.2
WLEWIGLRKKR,2.997401707,1484.818,-0.88666,-3.2
RWRLLLLLRWR,3.990963862,1580.999,-0.02212,-3.2
RVKRVWYLVIRTVIAGYNLPRAIKKK,7.988614759,3141.905,-6.00392,-3.2
RVKRVWPLVIRTVIAGYNLYRAIKKK,7.988614759,3141.905,-6.00392,-3.2
GFGCPWNRYQCHSHCRSIGRLGGYCAGSLRLTCTCYRS,4.924468112,4270.944,-22.65515,-3.2
RVLTHVFKCKLKLR,5.044613682,1741.234,-3.41636,-3.19
RYHMQCGYRGTFCTPGKCPYGNAYLGLCRPKYSCCRWL,5.817107713,4454.303,-15.61852,-3.19
FKKFWKWFRRF,4.992155121,1676.054,1.57864,-3.18
GLFGKLIKKFLRKAISYAVKKARGKH,9.094322065,2958.694,-6.81996,-3.18
GWKDWLNKGKEWLKKKGPGIMKAALKAATQ,5.998710995,3383.081,-8.4284,-3.17
ILRWPWWPWRRK,3.997758107,1780.167,1.65051,-3.17
KRRWPWWPWRLI,3.988755131,1780.167,1.65051,-3.17
RWKIFKKIPKFLHSAKKF,7.088806008,2302.895,-1.24823,-3.17
LLDCWVRLGRYLLRRLKTP,3.952518768,2371.937,-4.16542,-3.17
AKKVFKRLPKLFSKIWNWK,6.997001318,2418.027,-1.71653,-3.17
KKIVQKIKDFLK,3.988832584,1487.899,-1.8467,-3.16
KIKEKLKKIGQKIQGLL,4.989729414,1965.506,-4.1357,-3.16
GKWKKLLKKILK,5.996536614,1482.971,0.0449,-3.15
LRRIIRKIIHIIKK,6.095826316,1800.369,-1.83399,-3.15
SWKKFFKKARSLPKLF,5.992162984,2011.496,-2.36643,-3.15
LKKLARILKKLCRI,5.952178565,1696.278,-2.03046,-3.15
SKFLSKKPKKLFWFRA,5.992178101,2011.496,-2.36643,-3.15
RKLAFKPLKKFFSWKS,5.990164449,2011.496,-2.36643,-3.15
GYCFTACALRNGVRICYRRCN,3.817056767,2439.912,-11.81172,-3.14
GRRYKKFRWKFKGLFLFLG,6.996007318,2448.016,-1.89389,-3.14
KWLVWIWRRR,3.988747013,1498.852,0.60051,-3.14
WLVWIWRRKR,3.995785428,1498.852,0.60051,-3.14
RWFRFPGRWFRF,3.990955832,1758.076,-0.65942,-3.14
RAGLQFPVGRVHRLLR,4.089777033,1875.267,-6.56342,-3.14
GKKYRRFRWKFKGLFLFLG,6.996007318,2448.016,-1.89389,-3.14
KKLFKKIKKFL,5.987954291,1420.899,0.644,-3.12
KLKKLKKLCCLKL,5.898587272,1559.157,-0.92,-3.12
VRRFPWWAPFLRR,3.997608453,1787.159,-1.06322,-3.12
VRRFPAWWPFLRR,3.997608453,1787.159,-1.06322,-3.12
VRRFPWAWPFLRR,3.997608453,1787.159,-1.06322,-3.12
RWKIFKKIERVGQNVRDGIIKAGKAIQVLGTAKALGK,7.992331469,4091.967,-13.83539,-3.12
KNWKKILKKIIKVVK,6.987784364,1866.464,-0.8157,-3.11
AAHCLAMRRK,3.051938442,1156.453,-4.82846,-3.11
GVVVRWGRVWVRGVRR,4.997492642,1937.342,-5.73515,-3.11
CWVRLARYLLRRLKTPFT,4.954167401,2292.838,-4.20512,-3.11
FLRSLLRGAKAIYRGARAGWRG,5.991634199,2475.944,-9.27865,-3.11
KAIVQRIKDFLR,2.989312082,1486.831,-3.68726,-3.1
IKHWKKVWKHGKKVL,6.194591382,1915.415,-0.6253,-3.1
KRIVQAIKDFLR,2.989312082,1486.831,-3.68726,-3.1
KAANRIKYFQ,2.987741067,1238.46,-4.29943,-3.09
GIGKFLKKAKKFGKAFVKMKK,8.99605015,2383.088,-3.5813,-3.09
KLKLKLKLKLKLKL,6.987792136,1707.36,0.9264,-3.08
IKWKKLLRAAKRIL,5.997282727,1737.265,-1.26246,-3.07
LKRFLKWFKRF,4.997008081,1568.983,0.70414,-3.06
IKPFKFPFKPFRR,4.997436764,1708.137,-0.33506,-3.06
LKLKLKINGKKLKLKL,6.996382233,1878.516,-1.5972,-3.06
AARIILRWRFR,3.997963968,1457.8,-2.55582,-3.06
AARRILRWIFR,3.997963968,1457.8,-2.55582,-3.06
ICLKKWPWWPWRRCK,4.90807009,2086.62,0.95924,-3.06
KKKFFFFFKKK,5.987946518,1522.95,1.2338,-3.05
RKCVRVQLIKNGKTVTAF,4.945792481,2061.536,-8.66006,-3.03
WKWKWENGKWKWQW,2.997093217,2076.401,1.1978,-3.03
RRGYGLKLALAKDGWALMLRLGFGRR,5.990509739,2975.622,-8.27125,-3.03
RWRWPILGRILR,3.990963862,1622.008,-1.44582,-3.02
GKKPGGWKAK,3.996860924,1056.281,-3.5782,-3.01
KIPKPLKKFLKKL,5.987954291,1581.116,0.4294,-3.01
RCRVYNNGLPTGLYRWC,2.899889664,2071.427,-7.92609,-3.01
ILSLRWRWKWWKK,4.997437109,1886.332,1.15604,-3
ILSLRWWRKWWKK,4.997437109,1886.332,1.15604,-3
KKLFKKILKYLK,5.987096104,1550.058,0.8805,-2.99
KLKKLFKKILKY,5.987096817,1550.058,0.8805,-2.99
KKLFKKILKYLKKLFKKILKYL,9.985604844,2825.751,2.6199,-2.98
FRVTWRTKWWKG,3.992332392,1650.957,-2.02066,-2.98
RCVCTRGFCRCVCTRGFC,3.722853143,2070.581,-10.90642,-2.98
KKWWKAKKFANSGPNALQTLAQ,4.988108328,2515.953,-9.1209,-2.98
LLKKLLKKKC,4.952005253,1214.676,-0.4793,-2.97
KQWRIRVAVIRA,3.9887541,1495.846,-3.91659,-2.97
KKIWQKIKNFFQKL,4.988116446,1849.304,-1.9002,-2.97
KWKLFKKIGIGKFLKKK,7.987622209,2090.727,-0.1563,-2.97
KKKKWKLFKKIGIGKFL,7.987629982,2090.727,-0.1563,-2.97
ISKRILTGKK,3.99744042,1143.444,-4.44543,-2.96
IKHWKKVWKHAKKVL,6.194591382,1929.442,-0.2368,-2.96
KKVVPKVKFK,4.988108673,1200.583,-0.8766,-2.95
RWKIFKKIEKVG,3.992107386,1531.915,-1.27853,-2.95
INWKKIKKKVKGML,5.99696504,1714.248,-1.7471,-2.95
RLSRIVVIRVCR,3.946280353,1469.874,-5.18742,-2.95
ILPWKWKWWKWRR,4.997436764,1969.425,3.34784,-2.95
ILKWKWKWWPWRR,4.997436764,1969.425,3.34784,-2.95
KFKLKSLKIIEYKQ,3.989033037,1766.207,-2.1563,-2.94
LLLKKLLLLCKKKKKCKL,7.906853059,2154.987,-0.0997,-2.94
KLAKLCKKLAKLCK,5.8985795,1588.155,-2.4415,-2.94
LKLKLKNGKLKLKL,5.996544387,1637.181,-1.7419,-2.94
FFRKVLKLIRKIWR,5.99215984,1903.448,-0.07269,-2.94
LKLLKKLKLKCKCLKLKL,7.906853059,2154.987,-0.0997,-2.94
LKKKKLLKCKLLLKCLKL,7.906853059,2154.987,-0.0997,-2.94
LKLCKKLLLCKLKKKLLK,7.906845286,2154.987,-0.0997,-2.94
KCKKCLLKLLKKLLKLKL,7.898262963,2154.987,-0.0997,-2.94
KLKLCKKLKLLKLKLCLK,7.89825519,2154.987,-0.0997,-2.94
RIGSILGRLAKGLPTLRSWIKNR,5.990639553,2606.172,-9.91722,-2.94
VRRFPWWWPFLRR,3.997608453,1902.294,0.64088,-2.93
CWVRLGRYILRRLKTPFT,4.954167401,2278.811,-4.59362,-2.93
VCRKPVVCRKPV,3.907929849,1383.801,-3.98836,-2.92
AIHKLAHKLLKKTLRAVKKLAN,7.194622996,2495.156,-6.18363,-2.92
GWGSFFKKAAHVGKHVGKAALGAAARRRK,8.194315177,3063.626,-12.80479,-2.92
KLLKRIKKLL,4.988275289,1252.704,-0.22873,-2.91
KRIGLIRLIGKILRGLRRLG,6.988585322,2301.958,-5.87565,-2.91
KWKSFLKTFKSAKKTELHTALKAISS,6.08837374,2979.569,-10.183,-2.9
GATAIKQVKKLWKKKGG,5.996543356,1841.282,-6.0184,-2.89
LWKIWKKIWRVWKNWR,5.996853957,2326.88,2.00254,-2.89
KWKEFLKTFKEAKKEVLHTALKAISS,4.091923985,3061.671,-7.1628,-2.89
RIIDLLWRVRRPQWPKFVTVWVR,4.991522307,3020.684,-3.13425,-2.89
GGHWRWYCRGGK,3.050620013,1462.668,-4.79586,-2.87
CWWKKKKKWWWC,4.909661405,1796.252,2.8557,-2.87
KLPKWIIKTVNKFTKK,5.987946518,1972.5,-2.6515,-2.86
GWKKWLRKGAKHLGQAAIK,6.095508629,2176.653,-5.19553,-2.86
GKKYRRFWKFKGKWFWFWG,6.995848474,2639.164,1.00554,-2.86
SYVGDCGSNGGSCVSSYCPYGNRLNYFCPLGRTCCRRSY,2.721343696,4266.809,-25.92272,-2.86
RIGRFLLFRGIRRIGRFL,5.990965357,2246.796,-4.88158,-2.85
RRIHIHIPGIHIHIRR,4.386216545,2024.468,-4.99922,-2.84
GVVVRWGRVVVRGVRR,4.997492642,1850.261,-6.80315,-2.84
AGLFKKLARAIKKGFKK,6.997001318,1904.429,-3.86143,-2.83
CYCRRRFCVCV,2.820260576,1407.785,-4.74169,-2.82
KWKKFKKIGAVLKKL,6.987792136,1815.375,-0.4992,-2.82
AARIILRLRFR,3.997963968,1384.746,-3.23372,-2.81
KKAGKIAKKAGKIA,5.98795326,1411.805,-5.0907,-2.8
GFCIPIRCPGHTRQIGTCFGPRVKSCRKW,5.917259974,3305.006,-12.96392,-2.8
WKKLWKPGLKKWLK,5.994984933,1839.356,1.9226,-2.79
FRRFFKWFRRFFKFF,5.992310653,2262.751,1.16218,-2.79
FKLKLKFSNKLKWKW,5.991692507,1994.509,-0.1011,-2.78
FKKLKKLFSKLWNWK,5.991683654,1994.509,-0.1011,-2.78
FKKLKKLFSKLKNWW,5.991692507,1994.509,-0.1011,-2.78
FQRYFHRYARFLAKIWKG,5.089441424,2387.832,-2.96889,-2.78
GSAIRCGESCLLGKCYTPGCTCDRPICKKN,2.730559356,3177.804,-17.39846,-2.78
RLARIVPIRVAR,3.990963862,1419.792,-4.21952,-2.78
KRLKKIGKVLKWI,5.988113134,1610.118,-0.68003,-2.78
GLPALISLIKRKRQQ,3.997178266,1721.131,-6.11866,-2.78
IGKLFKRIVKRILKFLRKL,7.997117261,2370.116,-1.34499,-2.77
KWKKLPKKLLKLL,5.987954291,1636.196,1.4506,-2.77
YWKKWKKLRRIFMLV,5.990812558,2095.687,1.41444,-2.77
DILIIVGGKRRR,2.99905534,1395.722,-4.77219,-2.75
FGKCLKLKCVYTPKR,4.901786875,1784.276,-3.71803,-2.75
IRKLKSWKWLRWL,4.997444881,1813.278,0.47814,-2.75
GIRRGIIKIIKR,4.997174955,1422.836,-3.72779,-2.73
GKPTCGETCFKGKCYTPGCTCSYPLCKKD,2.729393086,3119.715,-14.7189,-2.73
GLQFPVGRVHRLLRK,4.096150625,1776.174,-5.20239,-2.73
WKKVWKPGVKKWVK,5.994984933,1797.275,0.7523,-2.73
FKRLEKLFSKIWNWK,3.993779775,2023.463,-1.23103,-2.73
GWGCNIFGGNDYRCHRHCKSIRGYKGGYCKLGGICKCY,5.923699243,4275.019,-18.00319,-2.73
WRWACWGLKLLRYRRIY,4.949398837,2339.857,-0.82872,-2.72
RRIIRKIIHIIK,5.089456379,1559.034,-1.97869,-2.71
KWKKLLKKLLKLLKKLL,7.987629982,2134.909,2.2799,-2.71
LKKLPKLSKKLLKL,5.996544387,1650.22,-0.7502,-2.7
RRLLRLLRLLL,3.990971979,1434.891,-1.37792,-2.7
RLLRLLLRLLR,3.990963862,1434.891,-1.37792,-2.7
RLRLLLLLRLR,3.990963862,1434.891,-1.37792,-2.7
FAKKFAKKFK,4.991845809,1242.579,-0.8256,-2.69
CASYFCRWWWRR,2.909621493,1720.026,-2.24429,-2.69
VGECVRGRCPSGMCCSQFGYCGKGPKYCGR,3.729260693,3189.803,-17.16439,-2.69
GKKPGWWKAK,3.996860924,1185.443,-1.4856,-2.68
GKKPWGWKAK,3.996860924,1185.443,-1.4856,-2.68
CLLLLKKKKKC,4.909661405,1317.822,-1.0647,-2.68
IKKWWSKIKKLLK,5.996957267,1699.211,0.6146,-2.68
CAKAKAKAGSGAKAKAKAC,5.90949925,1763.171,-10.8274,-2.68
CLLKKKKKLLC,4.909661405,1317.822,-1.0647,-2.68
QLIKKLRTWYRKAWHVLGKL,6.089971871,2538.139,-2.80176,-2.68
CWVRLLRYLLRRLKTPFT,4.954167401,2334.919,-3.17892,-2.67
VARGAKRKCPLFGKGG,4.952452189,1645.017,-7.46996,-2.66
KNWKGIAGMAKKLLGKNWELMKK,5.989559486,2673.345,-5.3449,-2.66
WLIWVYRKKR,3.99477617,1447.8,0.69054,-2.66
WLVWIYRKKR,3.99477617,1447.8,0.69054,-2.66
GRKIAHGVKKYG,4.094989266,1313.575,-5.08833,-2.65
KKLFKKILKDL,3.988840357,1373.795,-0.2069,-2.65
PMKLLKRLGKKIRLAAAFK,6.998946614,2182.851,-3.36166,-2.65
GIKKILKYGKKS,4.995849437,1362.728,-3.2822,-2.64
LKKLLKKLLKKL,5.996544387,1466.025,0.7817,-2.64
KLKKLLKKLLKL,5.987954291,1466.025,0.7817,-2.64
KLKLKLKLKLKL,5.987954291,1466.025,0.7817,-2.64
KIWKKIWKPGIKKWIKKW,7.987631061,2395.08,2.8899,-2.64
KFAKFAKKFAKFAKKFAKFAK,8.987460054,2481.126,-2.1691,-2.64
LVQRGRFGRFLKKVRRFIPKVIIAAQIGSRFG,8.997009953,3715.564,-10.79598,-2.64
PRPLPFPRPGPRPI,2.999761849,1596.95,-3.08129,-2.64
WRLWRLWRLWRL,3.995952389,1840.267,1.86458,-2.64
RPRFPPPFPIPRIPRIP,3.990958843,2053.541,-2.11852,-2.64
GALRRLGRKITHAVKKYGPTVLRIIRIAG,8.09497602,3214.961,-10.92205,-2.63
GCGSHCNCNVGYHRSLHCYGNELHGKQCGFSRCG,2.124573429,3685.15,-23.46506,-2.62
WFQVKTRVRTKVQFW,3.995635781,2009.396,-3.83596,-2.62
RVKRVWPLVIRTVIALYNLYRAIKKK,7.988614759,3198.013,-4.58922,-2.62
KFKSFIKKLTSKFLHSAKKF,7.08658916,2413.988,-5.035,-2.61
GWWRATVAKVRK,3.997178611,1457.752,-3.67236,-2.61
GWWARTVAKVRK,3.997178611,1457.752,-3.67236,-2.61
GALRGCWTKSYPPKPCK,3.906802334,1892.288,-6.44223,-2.61
CWVRLGRYILRRIKTPFT,4.954167401,2278.811,-4.59362,-2.61
WLLWAGARKKR,3.995626585,1384.701,-1.75776,-2.6
KKLFKKILKQL,4.988116446,1386.838,-0.4161,-2.6
GLLKKWLKKWKEFKRIVGY,5.997458725,2421.027,-0.23103,-2.6
KWKKLLKKLLPLLKKLLK,7.987622209,2232.026,2.2709,-2.59
VQLRIRVCVIRK,3.952766445,1482.913,-4.04849,-2.59
GLPLLISWIKRKRQQ,3.997178266,1836.266,-4.41456,-2.59
AIVQRIKKWLR,3.997646281,1410.78,-2.16546,-2.58
ICRKPIICRKPIICRKPI,5.863391042,2150.856,-3.59869,-2.58
KWKLFKKIKFLHSAKKF,7.08658916,2177.764,-0.3735,-2.58
RRWQWRLLLL,2.990975291,1439.781,-0.55079,-2.58
VIHRAGLQFPVGRVHRLLRK,5.195072985,2352.877,-6.82732,-2.58
KFFRKLAKSVKKAAKEFFKKPRVIGVSIPF,8.989382334,3496.351,-6.11126,-2.57
KLLCRVHKKI,4.042567105,1237.63,-1.89833,-2.56
DKPKKKPPPPAGPPPPPPPPPGPPPPGP,2.998573791,2733.261,-5.9895,-2.56
EEEEAAAGKWKLFKKLPKFHLHLAKKF,3.20146511,3224.854,-3.8494,-2.56
KKLFKKILKY,4.987258972,1308.723,0.7358,-2.55
WIKIWKKIIKKWKK,6.994822778,1926.522,2.9601,-2.55
GLPALISWIKRKRQQG,3.997185352,1851.237,-6.32456,-2.55
AALKGCWTKSIPPKPCSGKR,4.907958264,2128.604,-8.74883,-2.55
FWQRNIFKVR,2.992487461,1393.664,-2.53056,-2.54
GVVVRWGRVIVRGVRR,4.997492642,1864.288,-6.41305,-2.54
KWKVLKKKIKMLRNRINGLVKAGPALKVKLQALAL,10.9874612,3969.097,-7.70606,-2.54
CKGAFKQTCK,2.909995721,1113.376,-5.4516,-2.53
GAPKGCWTKSYPPKPCK,3.906643491,1848.231,-6.1164,-2.52
PLPFPRPGPRPIPRP,2.999748713,1694.067,-3.09029,-2.52
VQWRIRVAVIRK,3.997449954,1523.9,-3.28049,-2.51
RIIRPIIQIIKQKIR,4.990642864,1888.431,-3.40679,-2.51
RWLKLNGRWLKL,3.990654292,1582.967,-1.34516,-2.5
FKRIVQRILDFLR,2.993208061,1704.103,-2.79929,-2.5
DWHLGQGVSIEWRKK,1.099488446,1839.093,-5.27113,-2.5
LKLKKCCLLLLKKLKK,6.907007441,1913.652,-0.2444,-2.5
LKKLKCCLLLLKKLKK,6.907007441,1913.652,-0.2444,-2.5
LKCKKCLLLLLKKLKK,6.907007441,1913.652,-0.2444,-2.5
CKLKKCLLLLLKKLKK,6.909347103,1913.652,-0.2444,-2.5
KLKKLCCLLLLKKLKK,6.898417345,1913.652,-0.2444,-2.5
KLKKCLCLLLLKKLKK,6.898417345,1913.652,-0.2444,-2.5
LKLKKKCKCLLLKKLL,6.907015214,1913.652,-0.2444,-2.5
CKLKKKLKCLLLKKLL,6.909354875,1913.652,-0.2444,-2.5
LKLKKKCLCKLLKKLL,6.907015214,1913.652,-0.2444,-2.5
LKKKKLCKCLLKLKLL,6.907015214,1913.652,-0.2444,-2.5
LKKKLKCKCLLLKKLL,6.907015214,1913.652,-0.2444,-2.5
LKKKLKCLCKLLKKLL,6.907015214,1913.652,-0.2444,-2.5
LLKKLKCLCKLKKKLL,6.907015214,1913.652,-0.2444,-2.5
LKLKKLCLCKLKKKLL,6.907015214,1913.652,-0.2444,-2.5
LKKKKLKLLLKLKCLC,6.906997434,1913.652,-0.2444,-2.5
GTVRRFPWWWPFLRR,3.997495953,2060.451,-1.37732,-2.5
AGECVQGRCPSGMCCSQFGYCGRGPKYCGR,2.729778363,3161.705,-18.66399,-2.5
KKLFKKILKEL,3.989891568,1387.822,0.1832,-2.49
AARIILRIRFR,3.997963968,1384.746,-3.23372,-2.49
WLVWIWRRQR,2.995947583,1498.808,-0.26299,-2.49
WLVWIWQRRR,2.995947583,1498.808,-0.26299,-2.49
KLKKIWWIKVKK,5.987946518,1598.106,1.7474,-2.48
RLCRIVVIRVCR,3.901596843,1485.942,-4.24992,-2.48
RFCWKVCYKGICFKKCK,5.810578915,2140.752,-2.72623,-2.48
RWCVYACVRGVCYRRCW,3.810538193,2179.665,-5.10872,-2.48
WFGKLYRGKTKVVKKVKGLLKG,7.993975794,2534.188,-4.32693,-2.48
WGKFFKKFFKKGK,5.994984933,1676.091,-0.0525,-2.47
KKWKIVVIKWKK,5.987946518,1584.079,1.3573,-2.46
KWKLFKKIPKFLHSAKKF,7.08658916,2274.881,-0.3825,-2.46
VLIKTRLFIKRK,4.997128956,1514.973,-1.89146,-2.46
KRKIFLRTKILV,4.988432117,1514.973,-1.89146,-2.46
ILPYKYPYYPYRR,2.993509002,1792.119,0.22374,-2.46
KKFFLKVLTKIRCKVAGGCRT,6.898762552,2397.053,-6.89456,-2.46
GFCWYVCVYRNGVRVCYRRCN,3.816206353,2617.118,-8.68422,-2.46
FIHHIIGGLFSIGKIIHRLIRRRRR,7.288913728,3065.778,-7.57368,-2.46
AQIVQRIKDFLR,1.998532347,1486.787,-4.55076,-2.45
FLKLGRKSRYGMLKL,4.991320854,1810.293,-3.51736,-2.45
KKLFKKILKYLAGPAKFLHSAKKDEL,6.088091773,3015.734,-4.2445,-2.44
LCYTRRRFTVCV,2.907287933,1516.863,-5.30879,-2.44
LTYCRRRFCVTV,2.907287933,1516.863,-5.30879,-2.44
LKLKCTKSGCKLKL,4.907339523,1563.057,-4.6058,-2.43
IKKWLSKIKKLLK,5.996957267,1626.157,-0.0633,-2.43
WKIKWKIKWKIK,5.994984933,1685.187,2.8154,-2.43
HSIIGRKLVVHKKAK,5.190274119,1714.143,-5.00973,-2.43
RRGWARALAFAFGR,3.990963862,1634.919,-5.64832,-2.43
VRRFAWWWPFLRR,3.997608453,1876.256,0.15458,-2.43
VRRFPWWWAFLRR,3.997608453,1876.256,0.15458,-2.43
PRLPPRIPPGFPPRFPPRFP,3.999745402,2338.844,-2.90522,-2.43
HKCAKIKWRGVHVKYCA,5.100063428,2027.506,-4.57283,-2.42
KWKLFKKIPKFLHLAKK,7.086597534,2153.786,0.9438,-2.41
WWVAARAARR,2.995947583,1242.459,-3.26509,-2.41
FAKKLAKKLKKLAKLALAK,7.991359345,2111.787,-2.2706,-2.41
RRIRFPFPPFPWQWPPAGFPTFHIPRIPRKQ,6.089611567,3871.621,-4.72785,-2.41
RGARIVVIRVAR,3.990963862,1365.7,-5.48442,-2.4
LIVLTCRKKKKPF,4.952165729,1574.062,-2.15103,-2.4
WIVYKWPRKKVRYWTGP,4.993758583,2263.729,-0.48006,-2.4
LWKILKKIWRVLKNWR,5.996853957,2180.772,0.64674,-2.39
KWKSFIKKLTSKFLHSADKF,5.087475226,2439.938,-5.208,-2.39
VRGKRLWDIVRRWVGWL,3.998178327,2195.659,-2.64702,-2.39
FFQELKEGWKNIKKA,1.995564951,1866.199,-3.4751,-2.38
RWIRIPGRWIRI,3.990971979,1622.008,-1.44582,-2.38
GFCRCICTRGFCRCICTR,3.729394897,2098.635,-10.12622,-2.38
KVFKRLEKLFS,2.990205876,1394.729,-2.01273,-2.37
RGGLCYCRGRFCVCVGR,3.81137941,1905.342,-8.99792,-2.37
ACPIFTKIQGTYRGKAKCK,4.907108195,2113.589,-8.11733,-2.37
KKKKKKAAFAAWAAFDA,4.988677172,1880.274,-4.2475,-2.37
GLPRKILCAIAKKKGKCKGPLKLVCKC,8.817464949,2897.829,-7.10343,-2.37
IKKIWSKIKKLWK,5.996957267,1699.211,0.6146,-2.36
IKKILSKIKKWWK,5.996957267,1699.211,0.6146,-2.36
IKKIWSKIKKWLK,5.996957267,1699.211,0.6146,-2.36
FIRRIARLLRKIF,4.992472808,1702.179,-1.86622,-2.36
FIKRIARLLRRIF,4.992472808,1702.179,-1.86622,-2.36
RLCRIVPVIRVCR,3.901596843,1583.059,-4.25892,-2.36
KRKILILILIKRK,5.988264205,1635.213,-0.41886,-2.36
QRIRQLHTWIKKAWHIWPKI,5.18979761,2639.207,-2.70496,-2.36
GKKPWWWKAK,3.996860924,1314.605,0.607,-2.35
RVLNQVKQILK,2.990649831,1338.666,-4.37573,-2.35
VKVKCTKSGCKVKV,4.907450008,1506.949,-6.1662,-2.35
CVRRFPWWWPFLRRC,3.910458933,2108.586,-0.52992,-2.35
VQRWLIVWRIRK,3.997449954,1653.062,-1.18629,-2.34
KRIRWVILWRQV,3.988753115,1653.062,-1.18629,-2.34
ALYKKLLKKLLKSAKKLG,6.995998802,2043.664,-2.5687,-2.34
KWKSFLKTFKSAKKTSLHTALKAISS,7.086598617,2937.532,-11.0555,-2.34
NGVQPKYKWWKWWKKWW,4.984114355,2434.887,2.0269,-2.33
KWKSFIKKLASKFLHSAKKF,7.08658916,2422.999,-3.9146,-2.32
CWVRLGRYLLRRLKTLFT,4.954167401,2294.854,-4.05372,-2.31
VFAWNVCVYRNVVRVCHRRAN,4.006199872,2562.04,-9.51022,-2.3
FKARLWQWRM,2.992491724,1421.743,-0.80766,-2.28
KLAKLAKKLAKLAK,5.987946518,1524.021,-2.2613,-2.28
KLAKKLAKLAKKLA,5.98795326,1524.021,-2.2613,-2.28
GGLKKLGKKLEGAGKRVFNAAEKALP,5.000078186,2681.231,-10.01353,-2.28
FLFAFRIFKRVFKKFRKLFKRAF,8.991824189,3041.833,-0.46232,-2.28
WAAWIGLRKKR,3.995626585,1384.701,-1.75776,-2.28
CALKLTKAKRLVRKIGF,5.954502079,1945.504,-4.73746,-2.27
GGHIRRIIRKIIHIIKK,6.194639486,2051.615,-4.15099,-2.27
KWNSFIKKLTSKFLHSAKKF,6.086751315,2438.954,-5.8073,-2.27
KWKSFINKLTSKFLHSAKKF,6.086751315,2438.954,-5.8073,-2.27
KWKSFIKKLTSKFLHSANKF,6.086751315,2438.954,-5.8073,-2.27
GKYTCGETCFKGKCYTPGCTCSYPICKKD,2.728542672,3185.774,-14.2768,-2.27
WKWPWWPWRR,2.995788739,1583.872,3.04944,-2.27
AFLYRLTRQIRPWWRWLYKW,4.996110182,2839.403,0.18368,-2.27
KLFKKLFKKLFK,5.987946518,1568.076,1.3715,-2.25
FKFFKKFFKKWK,5.991683654,1709.164,2.4426,-2.24
QVLKKVRTWYRKAFHVIGKV,6.089969855,2457.021,-4.45336,-2.24
GVVVRVGRVVVRWVRR,4.997492642,1892.342,-5.77855,-2.24
RIVQRIKDFL,1.991540359,1287.577,-2.80576,-2.22
LLWIGLRKKR,3.997178266,1282.649,-0.91416,-2.21
VQWRIRIAVIRK,3.997449954,1537.927,-2.89039,-2.21
VRRFGWWWGFLRR,3.997608453,1822.164,-1.10872,-2.21
RIKTATWRLALRWLKL,4.990650981,2025.528,-2.80199,-2.21
LKLLKKLLKK,4.996698769,1224.69,0.637,-2.2
KLKLKLKLKL,4.988116446,1224.69,0.637,-2.2
KKLFKKILKYLKFLHSAK,7.08574712,2233.869,-0.8149,-2.2
WLYWIGLRKKR,3.99477617,1518.879,0.19684,-2.2
VRGKILVRWIRWRIQW,4.997455496,2165.677,-1.58232,-2.2
GLHKVMRKVLGYLRNVYK,5.094128798,2174.699,-4.58656,-2.2
AIHNLAHKLLKKLTRAVKKLAN,6.19478515,2481.085,-7.43723,-2.2
KWKLFKKIPLKKF,5.987938144,1704.23,1.8438,-2.19
ILPWKWKWTPWRR,3.997598919,1853.258,1.38184,-2.19
ILKLFKRIVKRILKFLRKL,7.997117261,2426.224,0.06971,-2.19
GLPALISWIKRKRQ,3.997178266,1666.054,-4.19106,-2.18
RIIRWWWRIIR,3.990963862,1654.053,0.65578,-2.17
AKVVNKLTKKVAKLLK,5.997004629,1781.311,-4.1534,-2.17
IRTVVAGYNLYRAIKKK,4.99573628,1993.435,-5.65706,-2.17
KWARLWRWFRITRWLWYIK,5.987731478,2765.368,1.83188,-2.17
EDLAKALAKK,0.999894305,1086.3,-3.3601,-2.16
WKWKPGKWKW,3.995318095,1429.74,2.3111,-2.16
CFFFFKKKKKC,4.909661405,1453.89,-0.2783,-2.16
GCRFTVKPYIKRIQLHYKGKMWCG,6.004606367,2913.592,-6.12596,-2.16
KKLFKKILKHL,5.086929617,1395.849,0.2842,-2.15
SIGRRGGYCAGIIKQTCTCYR,3.857061654,2306.733,-12.59769,-2.15
VARGWKRKAPLFGKGG,4.997135698,1728.085,-5.67576,-2.14
KAGLAFPVGRVHRLLRK,5.087398374,1918.376,-5.32949,-2.14
FLRWRLKFKSKVWCP,4.947474623,1994.494,-0.79106,-2.13
KKCIAKAILKKAKDLLDDLVNP,2.94542938,2438.026,-5.9191,-2.13
GFGCPLDQMQCHRHCQTITGRSGGYCSGPLKLTCTCYR,2.925885478,4179.889,-22.57829,-2.13
KKWRWWLKALAKKLL,5.988113134,1968.519,1.48997,-2.12
AEVAPAPAAAAPAKAPKKKAAAKPKK,5.998617597,2482.021,-9.2881,-2.12
GLWSTIKQKGKE,1.998798554,1374.607,-5.2995,-2.11
IKKIWSKIKKLLK,5.996957267,1626.157,-0.0633,-2.11
IKKILSKIKKLWK,5.996957267,1626.157,-0.0633,-2.11
AAHCLLRGNR,2.052100252,1110.315,-6.17756,-2.11
AGLQFPVGRVHRLLRK,4.09661864,1847.253,-5.69769,-2.11
KKKIIIIIKKK,5.987946518,1352.865,0.2508,-2.1
IHKFWRRWFKHI,4.195233378,1754.129,0.47284,-2.1
IHFKWRRWKFHI,4.195233378,1754.129,0.47284,-2.1
YVSGKARGWFYRHHY,3.187219491,1927.165,-4.48476,-2.1
KKTWWKTWWTKW,3.98827968,1765.1,1.0095,-2.1
GVVVRVARVVVRWVRR,4.997492642,1906.369,-5.39005,-2.1
FLKAIKKFGKEFKKIGAKLK,6.993134468,2322.963,-2.2786,-2.09
RLARIVVIRWAR,3.990963862,1508.889,-3.00172,-2.09
IRRIIRKIIHIIKKYG,6.095403296,2020.597,-2.28469,-2.09
KLLKKPLKLKL,4.988116446,1321.807,0.628,-2.08
RWRWRWFSATFIKHFIHRF,5.188420019,2678.162,-2.13362,-2.08
GLCRPKYSCCRWL,2.862447596,1584.963,-4.44476,-2.08
LLWIALRKKR,3.997178266,1296.676,-0.52566,-2.07
VRWRIRVAVIRA,3.99761554,1494.862,-3.39182,-2.07
LKLLLLLKCCKKKK,5.907169596,1672.317,-0.3891,-2.06
LLCLKKKLLKLCKK,5.907169596,1672.317,-0.3891,-2.06
YGAKAKAAKAAKAKAAKA,5.990495855,1718.083,-7.8074,-2.06
YGAAKKAAKAAKKAAKAA,5.990495855,1718.083,-7.8074,-2.06
ALLHHGYKRKFH,3.293230507,1506.784,-2.91573,-2.06
WKCTKSGCKW,2.906113231,1226.495,-3.5394,-2.05
LCAAHCLAIRRR,3.006945416,1382.733,-5.45569,-2.05
VAGYNLYRAIKKK,3.995431439,1523.848,-3.94243,-2.05
KRIVKLLLKWLR,4.988426015,1566.065,0.25514,-2.05
KKLFKKIGLRYL,4.987424875,1506.949,-0.48283,-2.04
KKLFKKILGRYL,4.987424875,1506.949,-0.48283,-2.04
LKLKLKPGKLKLKL,5.996544387,1620.194,-0.1111,-2.04
LKKPLKLGKKLLKL,5.996544387,1620.194,-0.1111,-2.04
IWLRLKVVLKRK,4.997437109,1552.038,-0.13496,-2.03
LLDCWVRLGRYLLRRLKTPFT,3.952551651,2620.219,-4.57232,-2.03
LRPLLRPLLRPLLRPLLRPLLRPLLRPL,6.997494136,3375.397,-1.48041,-2.03
KLLKKLLKLLKKLLK,6.987784364,1820.52,1.4573,-2.02
LKLKLKLKLKLKLKL,6.996382233,1820.52,1.4573,-2.02
QIIKKIRTWYRKAWHVLGKV,6.089969855,2524.112,-3.19186,-2.02
ILPWKWPKWPWRR,3.997598919,1849.27,2.50724,-2.02
KKKKGIGKFLHSAKKFGKAFVGEIMNS,7.088211585,2979.642,-9.4334,-2.01
FAKLAARLYRKA,3.991481978,1407.732,-3.12156,-2.01
KWKKFLKKLTSAAKKVLTTALKPISS,7.987623291,2916.642,-7.9113,-2.01
GAAKRAKTAA,2.997188664,944.106,-6.60553,-2
KKVVVKVKFK,4.988108673,1202.599,-0.7268,-1.99
GKKWWGWKAK,3.996860924,1274.54,-0.2678,-1.99
GKKWGWWKAK,3.996860924,1274.54,-0.2678,-1.99
CGKKPGGWKCKL,3.909841339,1304.654,-3.7228,-1.99
CKLAKLAKKLAKLAK,5.954192767,1627.167,-2.8467,-1.99
KLAKLAKKLAKLAKC,5.943253002,1627.167,-2.8467,-1.99
CKGAFKQTCKCY,2.864462511,1379.698,-5.6039,-1.98
ILKKLLKKVKKI,5.99696504,1451.998,0.3916,-1.98
RWFKFNGRWFKF,3.990638145,1719.035,-0.55876,-1.98
KKIWKKWIKKIIKI,6.987792136,1853.468,2.2822,-1.98
WIKKIWKKIIKKIK,6.994822778,1853.468,2.2822,-1.98
KILWSAYKHR,3.086554238,1301.563,-1.97473,-1.98
LKKLLKLKKKLLKLAG,6.996381201,1835.491,-0.4527,-1.98
ALRGCWTKSIPPKPCK,3.908120763,1785.22,-5.46063,-1.97
KWKLFKKIPHLAKKF,6.086751315,1912.451,0.7991,-1.97
VARGWKRKCALFGKGG,4.952452189,1734.114,-6.25216,-1.97
GVVVRIGRVIVRGVRR,4.997492642,1791.234,-7.09095,-1.97
KWKSFAKTFKSAKKTVLHTAAKAISS,7.086598617,2865.425,-11.4442,-1.96
KWKSFAKTFKSAKKTVAHTALKAISS,7.086598617,2865.425,-11.4442,-1.96
KWKSFLKTFKSAKKTVAHTAAKAISS,7.086598617,2865.425,-11.4442,-1.96
AVPLIYNRPGIYVTKRPKGK,4.995783642,2270.759,-6.07256,-1.95
KKFFRAWWAPRFLK,4.98842636,1881.312,0.38244,-1.95
ACHAHCQSVGRRGGYCGNFRMTCYCY,2.969625889,2944.418,-15.53519,-1.95
GGYYCPFFQDKCHRHCRSFGRKAGYCGGFLKKTCICV,5.924554702,4238.041,-15.34099,-1.95
KLKKIVVIKVKK,5.987946518,1423.944,-0.3886,-1.94
KKLFKKILKYLGIGKFLHSAKKDEL,6.088091773,2946.671,-3.5978,-1.94
KWKLFKKLPKFHLHLAKKF,7.185402331,2438.105,1.1219,-1.94
FIAAIIGGLFSAGKAIHRLIRRRRR,7.091287387,2849.49,-9.51788,-1.94
LKKLFKKILKYLK,5.9956862,1663.218,1.4114,-1.93
KKGWAKKLAFAFGKK,5.987946518,1708.134,-2.4625,-1.93
HIFKKVKTYWKKLFRILGRF,7.090436693,2609.261,-1.00016,-1.93
KRFWPVVIRTVVAGYNLYRAIKKK,6.986560065,2906.573,-5.08629,-1.92
RIGSILGRLAKGLPTLKSWIKNR,5.990480709,2578.158,-9.05149,-1.91
GLPICGETCFKTKCYTKGCSCSYPVCKRN,3.728826186,3190.842,-15.00793,-1.91
KLVKWIIKTVNKFTKK,5.987946518,1974.516,-2.5017,-1.9
KWCFKVCYKGICYKKCKG,5.807518394,2185.789,-3.0387,-1.9
KNWKGIAGMAKKLLGKNWELMEK,3.991496764,2674.285,-5.6091,-1.9
KWKVLKKKIMKMLRNRINGLVKAGPALKVKLQALAL,10.9874612,4100.297,-7.46816,-1.9
LLGDFKRIVQRIKDF,1.998618059,1848.229,-3.85786,-1.89
WKKIWKPGIKKWIKGGGK,6.994822778,2138.687,-1.115,-1.89
GGHGVRRFPWWWPFLRR,4.096309124,2210.592,-2.55992,-1.89
FKVKFKVKVK,4.991845809,1250.643,-0.1401,-1.88
KKVVFKVKFK,4.988108673,1250.643,-0.1401,-1.88
FVVKKKKKVF,4.991837435,1250.643,-0.1401,-1.88
DHYICAKKGGTCNFSPCPLFNRIEGTCYSGKAKCCIR,3.829358596,4085.834,-18.58106,-1.88
GLWKRWKKFW,3.99702862,1434.76,1.50397,-1.87
GIKKFLKSAKKFVKAFK,6.99637446,1968.512,-2.8021,-1.87
GKKLAKTIAKEVAKQGAKFA,4.998318479,2087.545,-7.7522,-1.87
IKKILSKIKKLLK,5.996957267,1553.103,-0.7412,-1.86
KVVKKVVKVVKKVVK,6.987784364,1708.304,-1.6635,-1.86
VQRWLIVWRIRKG,3.997456696,1710.114,-2.07009,-1.86
KLKSLLKTLSKAKAAKLKTLLKALSS,7.987623291,2783.533,-9.2705,-1.86
KLLKKVVKLFKKLLK,6.987784364,1826.483,0.8737,-1.85
WKIWWSGGWKRWR,3.995626585,1832.155,-0.07836,-1.85
GGHGWRWYCR,2.050781823,1277.441,-3.52586,-1.85
IKKIVSKIKKLLK,5.996957267,1539.076,-1.1313,-1.84
KILGVSKRILTGKK,4.988267516,1540.964,-5.04373,-1.84
AVVKVPLKKFKSIRE,3.999101103,1742.189,-3.34913,-1.84
KGGGKWGGKGGK,3.988270828,1116.293,-6.6091,-1.83
KWKKLLKKLLKLL,5.987954291,1652.239,1.9905,-1.83
WKKIWKPGIKKWIK,5.994984933,1839.356,1.9226,-1.83
WIKIWKPGIKKWKK,5.994984933,1839.356,1.9226,-1.83
KWKLKKHIGIGKHFLSAKKF,7.185402331,2394.993,-2.8871,-1.83
RWRLLLLKKF,3.990638145,1372.774,0.69714,-1.82
IKKIVSKIKKVLK,5.996957267,1525.049,-1.5214,-1.82
VKLKVKYPKLKVKLYP,5.994942923,1944.53,0.4596,-1.82
GVIPCGESCVFIPCINKKKCSCKNKVCYRD,3.730240189,3336.092,-13.40803,-1.82
VIRRRRILAAVV,3.997614555,1421.808,-4.06972,-1.82
VRLRIRVAVIRA,3.99761554,1421.808,-4.06972,-1.82
IVRVAVALRRIR,3.997916606,1421.808,-4.06972,-1.82
RAVAVIIRLRRV,3.990969964,1421.808,-4.06972,-1.82
RRAAVVLIVIRR,3.990963862,1421.808,-4.06972,-1.82
FKAWRWAWRMKKLAAPS,4.992164578,2133.608,-2.13936,-1.82
AIHKLAHKLLKKLLRAVKKLAN,7.194622996,2507.211,-4.51833,-1.81
KKLFKKILKTL,4.988116446,1359.812,-0.3008,-1.8
CGNFLKRTCICVKK,3.865308901,1613.058,-5.98113,-1.8
HRCIGGLCKVRKRGIKGFINIP,6.002244098,2466.08,-8.38229,-1.8
GGHGIRRIIRKIIHIIKK,6.194639486,2108.667,-5.03479,-1.79
GLPALILWIKRKRQQ,3.997178266,1820.267,-3.38696,-1.79
RPPGFYFEFRANIIPYLGRR,2.991038156,2469.887,-5.03292,-1.79
GWLQLAQHLLQLGQHLLQLAQQLRRR,3.195125606,3118.699,-10.46029,-1.79
RWKKIGKVWKWI,4.990333294,1628.051,1.06197,-1.78
KKVVFKFKFK,4.988108673,1298.687,0.4466,-1.77
ILPWKWPWLPKRR,3.997598919,1776.216,1.82934,-1.77
GNNRPVYIAQPRPPHPAL,2.09547345,1997.298,-7.95276,-1.77
KVFKSVVKLLEKTVLKKFSK,5.989559486,2349.982,-4.0096,-1.77
ATHCLFLKKR,3.051779254,1216.523,-3.08603,-1.76
LCYCRRRFCVCV,2.817920914,1520.945,-4.21079,-1.76
KFAKFAKKFAKFAK,5.987946518,1660.089,-1.4749,-1.76
AKKVFKRLGIGKFLHSAKKF,7.095806114,2303.88,-4.57013,-1.76
FKRIVQIIKKFLR,4.992163151,1689.176,-1.27926,-1.75
VRPVVRPVVRPVVRPVVRPVVRPVVRPV,6.997604621,3179.019,-6.94181,-1.75
KKIIKKIWKW,4.988117525,1370.798,1.9928,-1.74
WIKKIWKKIK,4.995147088,1370.798,1.9928,-1.74
SNNFGAKLSSTKVGK,2.99249898,1537.74,-11.0915,-1.74
GIIKKIIKKIIKKK,6.99637446,1651.252,-0.4883,-1.74
RIAGRIARIAGRIARIAGRIA,5.990964326,2231.739,-10.03588,-1.74
LRPLLRPLLRPLLRPLLRPLLRPL,5.997497448,2895.771,-1.28128,-1.74
PRPLPFPRPG,1.999764129,1133.367,-2.34226,-1.73
KRIVKLILKWLR,4.988426015,1566.065,0.25514,-1.73
LRCMCIKWWSGKHPK,4.006465919,1873.358,-2.91563,-1.73
APDRPRKFCGILG,1.953855924,1429.716,-5.09406,-1.72
GGHKLAKLAKKLAKLAK,6.095349785,1775.267,-4.5783,-1.72
WFKKLLKKALRLWKKVL,6.994989394,2198.871,1.78947,-1.72
LDVKKIICVACKIRPNPACKKICPK,5.818523177,2782.605,-6.75903,-1.71
KGIRGYKGGY,2.986891711,1098.274,-4.24893,-1.71
KIWWSGAWKRWRW,3.988597367,1846.182,0.31014,-1.71
ILKWKTKWWKWFR,4.997277921,1906.362,2.60687,-1.71
RILSILRHQNLLKELQDLALQGAK,2.091958725,2771.313,-9.61116,-1.71
GLPRKILAAIAKKKGKCKGPLKLVAKC,8.906831968,2833.695,-6.92323,-1.71
GLPRKILCAIAKKKGKAKGPLKLVCKA,8.906848717,2833.695,-6.92323,-1.71
KGLRKLGRKILRAWKKYGPIIVPIIRI,8.987252786,3187.078,-3.62912,-1.71
GIKRGIIKIIKR,4.997016111,1394.822,-2.86206,-1.7
RLKLLLLRLK,3.99064652,1265.703,-0.17736,-1.7
WRIWRIWRIWRIWRI,4.995949077,2295.83,2.35235,-1.7
HGLASTLTRWAHYNALIRAFGGGKKKK,6.189420394,2982.5,-11.68886,-1.7
VRFRIRVAVIRA,3.99761554,1455.825,-3.87312,-1.69
FIKHFIHRFSGGRWRWRWF,5.19009915,2620.082,-2.27152,-1.69
KQLKKVSAVAKVAMKKGAALLKKMGVK,8.987460054,2854.71,-7.9473,-1.69
KWKSFLKTFKSAKKTGLHTALKAISS,7.086598617,2907.506,-10.4164,-1.68
WQQPSCSSICDYSCGKSACISYSGRCGCCASCRRGPIY,2.63649108,4087.721,-25.07779,-1.68
KKLIKVFAKGFKKAKKLWKGIG,8.987466796,2517.245,-2.2761,-1.67
KKLIKVFAKGWKKAKKLFKGIG,8.987466796,2517.245,-2.2761,-1.67
RWNGRIIKGFYNLVKIWKDLKG,4.990202449,2705.259,-4.73316,-1.67
RAGLQFPVGRVHRL,3.089788461,1605.918,-5.84239,-1.67
RLCRIVWVIRVCR,3.901596843,1672.156,-3.04112,-1.67
AVWKKVVKKVVKSAKKVG,6.996849216,1982.54,-4.1336,-1.67
DPVTCLKSGAICHPVFCPRRYKQIGTCGLPGTKCCKKP,5.828266714,4107.029,-16.30916,-1.67
LRRIIRKIIHIIK,5.09598847,1672.194,-1.44779,-1.65
KKPKLPWLPLK,3.988270828,1347.76,1.1432,-1.65
LLPWKWPWWKWRR,3.997178266,1938.367,3.72504,-1.65
LLKWLKKWLKK,4.996698769,1483.958,2.5237,-1.64
RLLRLLLLRLLR,3.990963862,1548.051,-0.84702,-1.64
RRWIRVAVILRV,3.990969964,1536.943,-2.36562,-1.63
RLWRIVVIRVAR,3.990963862,1536.943,-2.36562,-1.63
LLCLKKKLKCKL,4.907339523,1430.982,-0.5338,-1.62
KKKKKKAAWAAWAAWAA,5.98795326,1914.339,-2.7397,-1.61
KAAKTVFKLFKLQAKRAIEA,4.989887226,2261.792,-5.59193,-1.61
FALAAKALKKLAKKLKKLAKKAL,8.991204963,2495.28,-3.1165,-1.61
IIPLPLGYFAKKKKKKDPVPLDQ,3.997554331,2637.257,-3.1936,-1.6
WLVWIYLRKKR,3.99477617,1560.96,1.22144,-1.6
RWLKLPGRWLKL,3.990654292,1565.98,0.28564,-1.6
FKKKFKCFCKFFKKFF,6.902146106,2151.771,1.1318,-1.59
IKQLLHFFQRFGGGRWRWRWF,5.096559592,2822.336,-3.05152,-1.59
LNALKKVFQKIRQGL,3.99702754,1756.176,-5.02343,-1.58
WLVWIYVRKKR,3.99477617,1546.933,0.83134,-1.58
LKLKLKLKLKLKL,5.996544387,1579.185,1.3126,-1.58
LKLLKKLLKKLLK,5.996536614,1579.185,1.3126,-1.58
KLLKQWPIGKLLKKLLKKLLK,7.987622209,2530.369,0.6683,-1.58
CGYKYGCMVKVDR,1.909177303,1521.856,-4.70403,-1.57
ASVVKKLTKKVAKLLK,5.997004629,1754.285,-4.0365,-1.57
KWKLFKKIPLAKKF,5.987938144,1775.309,1.3485,-1.57
KFAKKFKWFAKAAFKFFKK,7.987622209,2397.007,0.4165,-1.57
HIIKKIRTWYRKAWHVLGKV,6.189426151,2533.123,-2.49156,-1.57
RIKRFWPVVIRTVVAGYNLYRAIKK,6.988776914,3047.747,-5.42112,-1.57
KLVKTQLKVLK,3.988270828,1297.697,-2.1411,-1.56
LKCTKSGCKL,2.907663833,1080.387,-4.8952,-1.55
AIWRKATRRLVKLIV,4.997649071,1823.315,-3.12569,-1.55
IICRKPIICRKPIICRKPIICRKPIICRKPII,9.773693091,3799.07,-4.87835,-1.54
KWKSFLKTFKSAKKTALHTALKAISS,7.086598617,2921.533,-10.0279,-1.54
KPKQIKPPLPSV,2.98843874,1331.67,-2.8511,-1.53
FALAKKALKKAKKAL,5.991691427,1629.117,-2.56,-1.53
FALKALKKLKKALKKAL,6.991529272,1912.533,-1.3891,-1.53
GGHIRRIIRKIIHIIKKYG,6.193795814,2271.843,-4.60169,-1.53
KKCIAKAILKKADDLLDDLVNP,0.946315447,2424.939,-6.5734,-1.53
AQAAKQAAKAAKQF,2.997482719,1431.663,-7.7338,-1.52
AKAKAYPAKAKAYP,3.995622747,1477.775,-3.7549,-1.52
KWKLFKKISKFLHLAKKF,7.08658916,2290.924,0.1574,-1.52
RWVKVPGRWVKV,3.990652277,1509.872,-1.27476,-1.52
NGVQPKYKWWKWWKKWWW,4.984114355,2621.101,3.2357,-1.52
KWKSFLKTFKSAKKTVLHTAAKAISS,7.086598617,2907.506,-10.418,-1.52
KWKSFLKTFKSAKKTVAHTALKAISS,7.086598617,2907.506,-10.418,-1.52
KWKSFAKTFKSAKKTVLHTALKAISS,7.086598617,2907.506,-10.418,-1.52
VKCTKSGCKV,2.907774317,1052.333,-5.6754,-1.51
MKKALQYIKLLKE,2.994163414,1606.056,-1.2321,-1.51
GKLSSLWKKLKKIIAK,5.996536614,1841.366,-2.9653,-1.51
RLALRLALRALRAALRLA,4.990967637,2017.554,-5.60165,-1.51
KWKLFKKIGPGKFLHSAKKF,7.08658916,2388.985,-2.1501,-1.5
IHKFWRPGRWFKHI,4.195233378,1908.298,-0.41996,-1.5
AIHKLAHKLLKKLLKAVKKLAK,8.194306662,2493.268,-2.399,-1.5
YKLFKKILKKL,4.990659041,1421.883,1.2667,-1.49
KKLFKKILKYL,4.987266032,1421.883,1.2667,-1.49
KWMKLLKKILK,4.988108673,1428.944,1.5528,-1.49
WWWAKLGLKLLRYRRWY,4.993923503,2394.911,1.83121,-1.49
RWCVYAYVRVAGVLVRYRRCW,4.899051486,2675.243,-4.43955,-1.49
KGLRKLGRKILRAWKKGGPIIVPIIRI,8.988103201,3080.954,-4.94602,-1.49
RLLRIWWIRVLR,3.990963862,1680.132,0.11868,-1.48
KKLFKKGLKFL,4.988116446,1349.776,0.1464,-1.46
KIFKKFKTIIKKVWRIFGRF,7.987931521,2584.295,-0.54256,-1.46
KLLKRIKTLL,3.988437444,1225.634,-0.97693,-1.46
KLLKLLKKPLKLLK,5.987946518,1676.302,1.3036,-1.46
KLPKLLKKLLKLLK,5.987946518,1676.302,1.3036,-1.46
KLLKLPKKLLKLLK,5.987946518,1676.302,1.3036,-1.46
KPLKLLKKLLKLLK,5.987946518,1676.302,1.3036,-1.46
LKKLLKLPKKLLKL,5.996544387,1676.302,1.3036,-1.46
LLKKPLLKKLLKKL,5.996544387,1676.302,1.3036,-1.46
LKKLLKLLKKPLKL,5.996544387,1676.302,1.3036,-1.46
KLLKLLKKLPKLLK,5.987946518,1676.302,1.3036,-1.46
RLWRIVVIRVWR,3.990963862,1652.078,-0.66152,-1.44
LKLKKKCKCLLLKKLLL,6.907015214,2026.812,0.2865,-1.44
LLKKLLKLCKKCLLLKK,6.907007441,2026.812,0.2865,-1.44
LCKKKLKCLKKLLLLLK,6.907007441,2026.812,0.2865,-1.44
KKLKCLLCLLLLKKLKK,6.898417345,2026.812,0.2865,-1.44
KKLKLCLCLLLLKKLKK,6.898417345,2026.812,0.2865,-1.44
LLLKKLLKLKLCLKCKK,6.907007441,2026.812,0.2865,-1.44
KLLLKCLKLLLKKKCLK,6.898417345,2026.812,0.2865,-1.44
FKAFRWAWRMKKLAAPS,4.992164578,2094.571,-2.62066,-1.44
WFKFFKKFFKKWK,5.994984933,1895.378,3.6514,-1.43
GKWMKMLKKILK,4.996698769,1504.036,0.376,-1.43
VNWKKILGKIKKVVK,5.996649115,1781.314,-1.7034,-1.43
LKLLKFKKLQ,3.996860579,1258.663,-0.0299,-1.42
LLKLKFKKLQ,3.996860579,1258.663,-0.0299,-1.42
KIAGKIAKKAGKIAK,5.987946518,1524.965,-4.5598,-1.42
WRWAKWGLKLLKYKKIY,5.993443661,2280.844,1.96767,-1.42
KVVKQWPIGKVVKKVVKKVVK,7.987622209,2418.153,-2.4525,-1.42
GIMDTVKNAAKDLAGQLDKLKCRITGC,1.909652322,2863.431,-13.43793,-1.42
KLLQTFKQIFR,2.988591481,1421.755,-2.69693,-1.4
KLLPSVVGLFKKKKQ,4.988108328,1713.191,-3.0811,-1.4
WLLWIGLRKKR,3.995626585,1468.863,0.29464,-1.4
LRAMCIKWWSGKHPK,4.051149429,1841.291,-2.82553,-1.4
KLLKWLKKLLK,4.988108673,1410.904,1.8458,-1.39
LKWLKKLLKKL,4.996706542,1410.904,1.8458,-1.39
KWLKKLLKKLL,4.988116446,1410.904,1.8458,-1.39
KKLLKWLKKLL,4.988116446,1410.904,1.8458,-1.39
LLKWLKKLLKK,4.996698769,1410.904,1.8458,-1.39
LKKLLKWLKKL,4.996706542,1410.904,1.8458,-1.39
LVRGCWTKSYPPKPCFVR,3.906960833,2137.614,-4.91976,-1.39
LKKLLKLDKKLLKLAG,4.997267268,1822.404,-1.107,-1.38
LCAIAKKKGKCKGPLKLVCKC,6.817630415,2232.976,-5.6343,-1.38
TVAAQLLKKAR,2.991806486,1198.48,-4.77823,-1.37
CWWKKKKWWWC,3.90982356,1668.077,3.2419,-1.37
YLARAIRRTLARLLL,3.991456569,1799.249,-4.09602,-1.37
LKLKLKVPPTKLKLKL,5.996544387,1860.497,-0.2299,-1.37
LKALCRILKKLCRI,4.90765721,1671.249,-2.22966,-1.36
LKKLCRILAKLCRI,4.90765721,1671.249,-2.22966,-1.36
LKKLCRILKALCRI,4.90765721,1671.249,-2.22966,-1.36
MLLKKLLKKLLKKM,5.992917962,1728.425,1.2575,-1.36
WRIWRIWRIWRI,3.995952389,1840.267,1.86458,-1.36
KSWKKHVVSGFFLRLWVHKK,6.185731703,2511.072,-2.94103,-1.35
LRALAKALKHKL,4.095840711,1361.748,-2.40873,-1.33
FIKRIARLLRKIF,4.992313965,1674.165,-1.00049,-1.33
LKKLLKLQKKLLKLAG,5.996543356,1835.447,-1.3162,-1.33
ILKWKWPWWPWRR,3.997598919,1938.367,3.72504,-1.33
ILPWKWKWWPWRR,3.997598919,1938.367,3.72504,-1.33
ILPWKWPWWKWRR,3.997598919,1938.367,3.72504,-1.33
KKLFKKALKFL,4.988116446,1363.803,0.5349,-1.32
GSVIGCGETCLRGRCYTPGCTCDHGICKKN,1.829534681,3132.679,-18.82656,-1.31
GKSLVKWIVKSVRKA,4.996864354,1699.124,-4.61513,-1.3
AIHKLAHKLLPKTLRAVKKLAN,6.19478515,2464.098,-5.80643,-1.3
GIGKFLKKAKKFGKAFVKILKK,8.99605015,2478.208,-2.7574,-1.29
KKLIKVFAKGFKKAKKLFKGIG,8.987466796,2478.208,-2.7574,-1.29
KKKKVVKATYVLV,4.987264016,1503.942,-2.12,-1.29
PMARNKILGKILRKIAAFK,5.999108768,2168.78,-4.61526,-1.29
FRKKLKKLFKKLSPVIPLLKLG,7.99152493,2595.4,-1.15443,-1.29
HWRLLLLKKH,3.1905899,1343.692,0.12277,-1.28
RLKKIGKVLKWI,4.990333294,1481.943,-0.29383,-1.28
LAKKLKEYLEKLV,1.999566512,1574.973,-0.7299,-1.28
VALALKALKKALKKLKKALKKAL,8.996170423,2489.317,-2.677,-1.28
KKLFKKILKGL,4.988116446,1315.759,-0.0502,-1.27
FAKKLAKLAKKL,4.991853582,1358.784,-1.1832,-1.27
WLFWIGLRKKR,3.995626585,1502.88,0.49124,-1.27
FKAFRWAWRWKKLAAPS,4.992164578,2149.585,-1.64976,-1.27
RVFKKFHPIYHRVWRLWGHL,5.28624008,2676.231,-0.97569,-1.27
LKKAKKFGKAFV,4.996704526,1364.747,-1.7652,-1.26
KLKFPKLKFP,3.988265465,1245.623,0.8675,-1.26
LKKLLKLNKKLLKLAG,5.996543356,1821.42,-1.7063,-1.26
RGGRLCYCRGWICFCVGR,3.81137941,2105.583,-7.39902,-1.26
SNGPVKKWGSIKGLK,3.992336825,1598.915,-6.5659,-1.25
RRLIWLILRLLR,3.990963862,1621.105,-0.16912,-1.25
PQILCKIARKC,2.910059364,1272.653,-3.52443,-1.24
LWKIGKKIWRVGWNWR,4.997016111,2126.595,-0.58766,-1.24
LKWIGKKIWRVGWNWR,4.997016111,2126.595,-0.58766,-1.24
QLIHKIRTWYRKAWHVLGKV,5.188945181,2533.079,-3.35506,-1.24
KNLRRIIRKIIHIIKKYGPTILRIIRIIG,9.08622377,3509.488,-5.65635,-1.24
KWCFRVCYAGICYRRCA,3.808319234,2098.587,-4.97029,-1.23
FKIKPGKVLDKFGKIVGKVLKQLKKVS,7.991922184,3026.846,-5.3631,-1.23
RIIDLLWRVRRPWWPKFVTVWVR,4.991522307,3078.767,-0.67575,-1.23
WIKKIWKKIIKEIK,4.996760056,1854.408,2.018,-1.22
FFRKVLKLIRKI,4.992171269,1561.045,-0.02956,-1.22
FKKALHLFKPIKKFLKWK,7.090334671,2300.963,1.6713,-1.22
KAKLFKKIPKFLHLWKKF,7.08658916,2300.963,1.6713,-1.22
KFLHLAKKFPKWKLFKKI,7.086605307,2300.963,1.6713,-1.22
KWKLFKKIPKFLHLAKKF,7.08658916,2300.963,1.6713,-1.22
KIKLFKKWPKFLHLAKKF,7.08658916,2300.963,1.6713,-1.22
KKKLFWKIPKFLHLAKKF,7.08658916,2300.963,1.6713,-1.22
GKFLKKAKKFGKAFVKI,6.996382233,1938.486,-2.163,-1.21
IGKFLKKAKKFGKAFVK,6.996795112,1938.486,-2.163,-1.21
RRWCVYAYVRVRGVRVYAYVCW,4.898201072,2824.392,-4.39655,-1.21
RWWKIWVIRWWR,3.990805019,1871.28,3.01811,-1.2
PRIPPGFPPRFPPRFP,2.999748713,1875.261,-2.16619,-1.2
GLPRKILAAIAKKK,4.996857613,1506.95,-3.13833,-1.19
KKLLKCLKCL,3.898911582,1189.647,-0.6785,-1.18
CLLKKLLKKC,3.90982356,1189.647,-0.6785,-1.18
ILKWKKGWWKWFR,4.997277921,1862.309,2.85747,-1.18
GLAKVMRKVLGYLRNVYK,4.995315628,2108.636,-4.53246,-1.18
AALKGCWTKSIPPKPCFGKR,4.907958264,2188.703,-6.49843,-1.18
QSHLSLCRWCCNCCHNKSCGFCCKF,2.832478854,2911.519,-14.14903,-1.17
LCAARCLAIGRR,2.908132246,1302.643,-5.79009,-1.17
IWWAKWGLKLLRYRRWY,4.995895837,2394.911,1.83121,-1.17
FALALKALKKLAKKLKKLAKKAL,8.991204963,2537.361,-2.0903,-1.17
FAKKLAKKLKKLAKKLAKLALAL,8.991204963,2537.361,-2.0903,-1.17
KKALAKALKHWLPALHKLAKALAKK,8.185248551,2777.543,-3.3568,-1.17
KKALKHALAKWLPALKALAHKLAKK,8.185248551,2777.543,-3.3568,-1.17
KKALAHALKKWLPALKKLAHALAKK,8.185248551,2777.543,-3.3568,-1.17
FKKLKKIANIINSIFKK,5.991683654,2033.584,-3.592,-1.16
LRPLLRPLLRPLLRPL,3.99750407,1936.519,-0.88302,-1.16
CWKWKWKWGSGWKWKWKWC,5.90949925,2684.251,2.8054,-1.16
FLKKAKKFGKAF,4.991837435,1412.791,-1.1785,-1.15
GKWMSKLKHILK,4.095674095,1468.881,-1.548,-1.15
LKLKLKLTGKLKLKL,5.996544387,1737.342,-0.7056,-1.15
RLQLNYKGKMWCPGW,2.94512476,1880.28,-3.21193,-1.15
VRLIVAVRIWRRG,3.99761554,1593.995,-3.24942,-1.15
KKLFKKILKYLAGPAKKLFKKILKYL,9.985604844,3122.078,0.7365,-1.14
LKLKLKLKLKL,4.996706542,1337.85,1.1679,-1.14
LAKKLAKYLKKAL,4.995856128,1487.943,-0.9467,-1.14
IHKFWRGGRWFKHI,4.195233378,1868.233,-1.29476,-1.14
CWTKSIPPRPC,1.910306713,1287.579,-3.84003,-1.13
KKLFKKILKAL,4.988116446,1329.786,0.3383,-1.13
KILKLLKKFLKKL,5.987954291,1613.202,1.5092,-1.13
KNWKKILGKIIKVVK,5.987946518,1795.341,-1.3133,-1.13
NKWKKILGKIIKVVK,5.984793762,1795.341,-1.3133,-1.13
HLNKRVQRLLIGWLDWLK,3.092505858,2288.781,-2.98216,-1.13
MAARAARLAARLARLALRAL,4.993878188,2135.671,-7.91145,-1.13
GALKRAKTAL,2.997189695,1028.268,-4.55313,-1.12
RIHPPPFYPPFRRFL,3.088938047,1940.336,-0.75929,-1.12
GGHVRRFPWWWPFLRRGGC,4.051615952,2370.79,-4.02912,-1.12
GIGAVLKWLPALIKRKRQQ,4.997016111,2175.706,-5.01146,-1.11
IGKFLKKAKKFG,4.997126164,1364.747,-1.7636,-1.1
GIGKFLKKAKKF,4.996690395,1364.747,-1.7636,-1.1
RWRLLLLKWH,3.089613317,1420.778,1.01524,-1.1
LCYARRRFAVCV,2.907287933,1456.811,-4.03059,-1.1
LAYCRRRFCVAV,2.907287933,1456.811,-4.03059,-1.1
GLLKKLLKKLLKKL,5.996544387,1636.237,0.4288,-1.1
GFARIVQRIKDFLRNLV,2.998067123,2045.471,-5.67739,-1.1
KWKLFKKIPKFLH,5.086913315,1713.197,1.6806,-1.09
LPWKWPWWPWRR,2.997340421,1794.149,3.57134,-1.09
VIRTVVAGYNLYRAIKKK,4.995428128,2092.568,-5.51626,-1.09
FLNALKNFAKTAGKRLKSLLN,4.991999988,2347.842,-8.72013,-1.08
RWFKFPGRWFKF,3.990638145,1702.048,1.07204,-1.08
KWKSFLKTFKSAKKTVLHTALKAISS,7.086598617,2949.587,-9.3918,-1.08
NNWTGADCKAATLK,0.941482783,1492.68,-8.6632,-1.06
IGRHFKRRNSIWGICWF,4.051879394,2176.593,-4.82829,-1.06
ALKSLLATLSKAKKKKLKTLLAALSK,7.99668032,2767.534,-8.2429,-1.06
ALKSLLKTLSAAKKKKLATLLKALSK,7.99668032,2767.534,-8.2429,-1.06
ALASLLKTLSKAKKKKLKTLLKALSA,7.996687062,2767.534,-8.2429,-1.06
GWKDWAKKAGGWLKKKGPGMAKAALKAAMQ,6.996935872,3213.926,-8.1974,-1.06
AAGRLWVLWRR,2.997967279,1383.673,-2.09649,-1.05
YCNGKRVCVC,1.857236041,1144.415,-5.28973,-1.04
INWKKGKEVLKAL,2.999064472,1526.892,-2.3583,-1.03
RWRWRWFGGGFIKHFIHRF,5.188420019,2590.056,-1.63242,-1.03
PITHWSHGQNRWPLSCPQ,1.152703186,2144.412,-8.85493,-1.03
FIKHFIHRFGGGRWRWRWF,5.19009915,2590.056,-1.63242,-1.03
KIWKPGIKKW,3.98827968,1283.632,0.9553,-1.02
GGHIRRIIRKIIHIIKKGGC,6.14994597,2268.865,-6.50399,-1.02
GFFRRIRTFF,2.997491234,1346.607,-2.41959,-1.02
RIKRFWPVVIRTV,3.99081112,1670.089,-1.95139,-1.02
LKWLKKLLKWLKKL,5.996544387,1838.453,3.1993,-1.02
KKWKKFIKKIGIGAVLTTPGAKK,7.987622209,2541.22,-4.8952,-1.02
AFWKKFFKKFFKSAKKFG,6.996849216,2270.804,-0.6134,-1.01
LLPPWLRPRNG,1.997509662,1318.594,-2.33946,-1.01
SGGYCGGWHRLRC,2.001564552,1451.663,-7.19586,-1.01
GKWMKLLKKILK,4.996698769,1485.996,0.669,-1.01
FFFIRRIARLLRRIF,4.992631652,2024.547,-1.27695,-1.01
LLKKKKCLKLLCLKL,5.907177368,1785.477,0.1418,-1
VNWKKILKKIIKVAK,5.996649115,1809.368,-0.9248,-0.99
LIKKLKEYLKKLI,3.99763125,1630.141,0.9506,-0.98
GIIKKIIKKIIKKE,4.99831209,1652.192,-0.7525,-0.98
GKPICGETCFKGKCYTPGCTCSYPICKKD,2.729393086,3131.77,-13.0536,-0.98
GLLKRIKTLLK,3.997019767,1282.686,-1.86073,-0.98
GLLSKFGRLARKLARVIPKV,5.997018902,2222.807,-5.62739,-0.98
CGKKWWGWKCKL,3.909841339,1522.913,-0.4124,-0.97
CGKKWGWWKCKL,3.909841339,1522.913,-0.4124,-0.97
VVAGYNLYRAIKKK,3.995431439,1622.981,-3.80163,-0.97
YPLKVKYPKLKV,3.989968766,1475.887,0.5603,-0.96
YPVKLKYPKVKL,3.989970782,1475.887,0.5603,-0.96
VKLKYPKVKLYP,3.995267233,1475.887,0.5603,-0.96
CKKLLKLLKKLCKLAG,5.909515999,1800.448,-1.7682,-0.96
LKKLLKLCKKLCKLAG,5.907176337,1800.448,-1.7682,-0.96
KKFPWWWPFKK,3.988270828,1577.945,3.4321,-0.95
KAKKFGKAFVKI,4.988116446,1364.747,-1.7652,-0.94
WKKLFKKLKIL,4.99515486,1444.921,2.0424,-0.94
KKLFKKILKWL,4.988116446,1444.921,2.0424,-0.94
WKLFKKILKKL,4.99515486,1444.921,2.0424,-0.94
ALYKKIIKKLLESAKKLG,4.99793608,2044.604,-2.8329,-0.94
KKLAKEILKAL,2.990053723,1254.628,-1.1487,-0.94
GIHDILKYGKKS,2.095710829,1358.608,-4.0997,-0.94
RLLRIVVIRVLR,3.990963862,1505.97,-2.01732,-0.94
WKKVQWLKRLLL,3.995475858,1611.061,0.93527,-0.94
GICRCICGRGICRCICGR,3.729394897,1942.495,-10.01822,-0.94
RGCICRCIGRGCICRCIG,3.722869892,1942.495,-10.01822,-0.94
TPRPVCAATCDCKIITGTKCPPGYEK,1.814559259,2753.295,-12.22563,-0.93
GLLKKIKRLL,3.99702754,1181.581,-0.72633,-0.93
IDKWKAAFKKIKNLF,3.997834959,1850.288,-1.4319,-0.93
RPKPQQFFGLM,1.990815904,1348.641,-2.90203,-0.93
FKVTWKTKWWKG,3.992014706,1594.929,-0.2892,-0.92
GLKDPLKSVAKHLVK,3.096398006,1633.017,-4.2579,-0.92
IWWAKLGLKLLRYRRWY,4.995895837,2321.857,1.15331,-0.92
IKFEPPLPPKKAH,2.098023496,1501.841,-1.1869,-0.91
AKVVKKLTKGVAKLLK,5.997004629,1724.259,-3.3974,-0.91
KWKLFKKIPLHLAKKF,6.086751315,2025.611,1.33,-0.91
KWKLFKKIPKFLHLAK,6.086759689,2025.611,1.33,-0.91
LWKIWKKIWRVGWNWR,4.997016111,2255.757,1.50494,-0.91
LWKIGKKIWRVWWNWR,4.997016111,2255.757,1.50494,-0.91
KSWKKHVVSGFFLR,4.087242497,1719.073,-3.49973,-0.9
ALHCIALRKK,3.051779598,1152.48,-2.64353,-0.9
SFKKFWGGVKAIFKGARKGWK,6.992009204,2426.95,-4.43253,-0.9
GLNALKKVFQPIHKAIKKINNHVQ,5.194324766,2739.318,-8.7549,-0.89
GWKKWLRKGAKHLGQAAIKGLAS,6.095509711,2505.022,-7.56663,-0.88
GEFKKIVQKIKDFLKNLV,2.999203561,2147.64,-3.6215,-0.87
GKPICGETCFKGKCYTPGCTCSYPICKKN,3.728667343,3130.786,-13.6529,-0.86
ACYCRIGACVSGERLTGACGLNGRIYRLCCR,3.729933895,3339.02,-17.04945,-0.86
KAAAKWAAKAAK,3.988270828,1214.482,-3.8896,-0.85
KKKAAAFAAWAAFAKKK,5.987946518,1836.265,-3.7023,-0.85
KKAKAFAKAWAKAFKAA,5.98795326,1836.265,-3.7023,-0.85
KKKKKKAAAAFWAAAAF,5.987938144,1836.265,-3.7023,-0.85
KAAKKFAKAWAKAFKAA,5.98795326,1836.265,-3.7023,-0.85
KKKKKKAAFAAWAAFAA,5.98795326,1836.265,-3.7023,-0.85
KKKKKAAFAKAWAAFAA,5.98795326,1836.265,-3.7023,-0.85
GFAWNVCVYRNGVRVCHRPAN,3.006090683,2418.806,-10.31649,-0.85
SIITMTKEAKLPQSWKQIACRLYNTC,2.904043351,3027.638,-11.37173,-0.85
IWWAKWGLKWLRYRRIY,4.995895837,2394.911,1.83121,-0.85
KIIKKIIKKIIKKI,6.987792136,1707.36,0.9264,-0.84
KLDLKLDLKLDL,-0.00938751,1426.764,-1.1812,-0.84
WVVWVVWRRR,2.995947583,1441.756,0.34731,-0.84
KLFLTLWKLKR,3.988429327,1445.865,0.42847,-0.84
WWKWWKRLRRLFLLV,4.995629375,2186.738,3.21241,-0.84
AAHCIQLGKR,2.051941409,1096.328,-4.92173,-0.83
INWKKIKKKVAGML,4.997127195,1657.152,-1.8562,-0.83
AKRHHGLNCAKGVLA,3.150599511,1574.882,-7.48573,-0.8
KIFKKFKDFLKKIFQYLGKV,5.987663618,2519.168,-0.3564,-0.79
KKVVFKVKFH,4.08707547,1259.61,-0.3033,-0.78
MKWKIGKKIGIGKFLHSAKKFN,7.091560395,2560.207,-4.6234,-0.77
GAFKQTCKCY,1.906968514,1148.377,-4.6323,-0.77
ALWKKLLKKA,3.997335681,1198.567,0.1796,-0.77
IKLSKKTKDNLKKVLKGAIKGAIAVAKMV,7.997200472,3094.944,-8.803,-0.77
SVKKFWGGVKAIFKGARKGLK,6.992009204,2305.852,-5.69713,-0.76
FMPILSCSRFKRC,2.90311078,1588.007,-4.44746,-0.76
GIIRGIIRRIKG,3.997344196,1351.713,-4.22539,-0.75
ILPWKWPCWPCRR,2.908394055,1741.173,0.51384,-0.75
ILPCKWPWWPCRR,2.908394055,1741.173,0.51384,-0.75
ILPCKWPWCPWRR,2.908394055,1741.173,0.51384,-0.75
TTPKFTVAWDWVPKR,1.992530398,1832.141,-3.64113,-0.75
FKFFKKFFKKW,4.991854661,1580.989,2.8288,-0.74
ILPWRWPWWPWRR,2.997919917,1935.323,3.23651,-0.74
KKMMKKGGKFGTFMAGMGIR,5.988105017,2204.837,-6.38063,-0.74
KKMMKKGGKFGTFMAIGMGR,5.988105017,2204.837,-6.38063,-0.74
GKWKSLLKHILK,4.095674095,1450.841,-1.255,-0.73
FALALKALKKLLKKLKKLAKKAL,8.991204963,2579.442,-1.0641,-0.73
PLSCRRKIGICVLIRCSGNMRQIGTCLGALVKCCR,6.731321743,3822.832,-17.05495,-0.73
IKKIIKKIIKKI,5.99696504,1466.025,0.7817,-0.72
KIKKIIKKIIKI,5.987954291,1466.025,0.7817,-0.72
IIKKIIKKIIKK,5.996957267,1466.025,0.7817,-0.72
KKKIIIIIIKKK,5.987946518,1466.025,0.7817,-0.72
LYKKIIKKLLES,2.997786715,1475.884,-0.717,-0.72
FPVTWRWWRWWRG,2.992653391,1919.236,1.04281,-0.72
FRLMLRLLRW,2.992655501,1403.813,0.45551,-0.71
VAAFAIIGCLCCRRPRR,3.863557925,1905.405,-6.76812,-0.7
KGGYCKGAFK,2.942899059,1058.274,-3.8166,-0.7
KWKSFLKKLTSAAKKVLTTALKPISS,6.987785446,2875.545,-9.048,-0.69
ILKKIWKPKKSLF,4.997111047,1629.116,0.5105,-0.68
GLAKRAKTLL,2.997189695,1070.349,-3.52693,-0.68
WKKLFKKILKYL,4.994304446,1608.097,2.4755,-0.68
LLRRVAGLLKQFAK,3.997178611,1613.034,-3.49496,-0.68
LDVKKIICVACKIKPNPACKKICPK,5.818364334,2754.591,-5.8933,-0.68
IICRKPIICRKPIICRKPIICRKPII,7.818542067,3088.123,-3.70762,-0.68
GKKLFKKILKYLAGPAKKLFKKILKYL,9.99419494,3179.13,-0.1473,-0.66
ILPAKAPAAPARR,2.997761073,1331.634,-4.41826,-0.66
VFRLKKWIQKVA,3.997139009,1515.916,-0.96233,-0.66
VFRLKKWAQKVI,3.99714004,1515.916,-0.96233,-0.66
LKKLLKLSKKLLKLAG,5.996543356,1794.394,-1.5894,-0.66
TLGIKILWSAYKHRKT,4.089634954,1915.32,-4.45173,-0.66
LWKIGKKIWRVLWNWR,4.997016111,2182.703,0.82704,-0.66
LWKILKKIWRVGWNWR,4.997016111,2182.703,0.82704,-0.66
SWGYYLGKKARWNL,2.990964768,1742.019,-3.19083,-0.65
ILRWIWKIWRRW,3.997766959,1812.253,2.73031,-0.65
RLKLLLLLRLK,3.99064652,1378.863,0.35354,-0.64
ILKWKMFKWKWFR,4.997277921,1897.42,3.49787,-0.64
KWKSFLKTFKSAKKTVLHTALKLISS,7.086598617,2991.668,-8.3656,-0.64
KWKSFLKTFKSAKKTVLHTLLKAISS,7.086598617,2991.668,-8.3656,-0.64
GGHGVRRFPWWWPFLRRGGC,4.051615952,2427.842,-4.91292,-0.64
KAMKPWIQPKTKVIP,3.988265465,1765.248,-1.8884,-0.63
GFWGKLWEGVKNAIKKK,3.998473892,1989.402,-3.1067,-0.63
KFLKKAKKFGKAFVKIL,6.987792136,1994.594,-0.7483,-0.63
KNWKGIAGMAKKLLGKNW,4.988117525,2043.52,-4.6909,-0.62
ATAAECLKHPWLKIKK,3.053233723,1837.271,-3.2443,-0.61
RAGLQFPVGRVHRLL,3.089788461,1719.078,-5.31149,-0.61
IKKIIKKIIK,4.997119422,1224.69,0.637,-0.6
RWKIFKKPFKISIHL,5.089146465,1941.449,-0.17713,-0.6
KAACAAKCLWR,2.899224463,1220.536,-3.52313,-0.6
IWWAKWGLKLLRYRRIY,4.995895837,2321.857,1.15331,-0.6
GKWLKLLKKILK,4.996698769,1467.956,0.962,-0.59
ATCYCKTGKCATKESLSGVCEISGKLYKLCCK,3.73075299,3420.159,-15.7002,-0.59
LWKIWKKIWRVWWNWR,4.997016111,2384.919,3.59754,-0.58
KKVTMTCTAT,1.943939148,1083.343,-6.0985,-0.57
GSVIKCGESCLLGKCYTPGCTCSRPICKKN,3.729676601,3149.834,-16.37903,-0.57
RVHKKIAISV,3.089468759,1150.439,-3.33503,-0.57
GKWVKLLKKILK,4.996698769,1453.929,0.5719,-0.57
KKWMSLLKHILK,4.087083999,1524.989,-0.1333,-0.57
KWKLFKKIWGKPV,4.98811443,1658.117,1.4374,-0.57
PKLLKTFLSKWKKIG,4.998959978,1787.273,-1.5892,-0.57
ILPWKWEWWPWRR,1.999536196,1939.307,3.46084,-0.57
KSKKPLFKIAKCVENVCVLAYK,4.899504208,2510.161,-5.2115,-0.57
GWKKWFNRAKKVGKTVGGLAVDHYL,5.095389899,2859.384,-7.09693,-0.57
KKLFKKILKFL,4.988116446,1405.884,1.5611,-0.56
IDWKKIFEKVKDLV,1.000510279,1761.143,-0.5521,-0.56
FKDLKKIANIINSIFKK,3.992569721,2020.497,-4.2463,-0.56
KLLLLLLCKKKKC,4.898731647,1544.142,-0.0029,-0.56
GLMDTVKNAAKNLAGQLLDRLKCKITGC,2.90892841,2975.607,-13.50633,-0.56
KNWKAILKHIIK,4.087083999,1491.894,-0.9834,-0.55
NKKAGLFVVQFPKKY,3.984268371,1767.154,-3.2083,-0.55
GWLKRWKTLW,2.997190774,1373.673,0.55917,-0.55
GAPKGCWTKSYPPQPCS,1.906968883,1807.09,-8.1166,-0.55
GGHGIRRIIRKIIHIIKKGGC,6.14994597,2325.917,-7.38779,-0.54
RRGWALRLVLAY,2.990117817,1473.795,-2.34129,-0.54
ECVYYKGRMWCP,0.908418181,1534.854,-1.98493,-0.54
IKRFWPVVIRTVVAGYNLYRAIKKK,6.995570814,3019.733,-4.55539,-0.54
GGKKLFKKILKYL,4.995856128,1535.987,-0.5009,-0.53
VNWKKILKKIIKVVK,5.996649115,1837.422,-0.2887,-0.53
KIFKKFKDWFKKAFHVLGKV,6.087327203,2495.109,-0.2967,-0.53
GLNALKKVFQGIHKAIKKINNHVQ,5.194324766,2699.253,-9.6297,-0.53
LRFLKKILKKLF,4.996849238,1547.058,1.22627,-0.53
GFGKAFHSVSNFAKKHKTA,4.194494007,2062.369,-9.4803,-0.52
KLLKLLKKLLKLLK,5.987946518,1692.345,1.8435,-0.52
KLLKLLKLKKLLKL,5.987954291,1692.345,1.8435,-0.52
GLFDIWAWWRWRR,1.998223176,1848.154,0.36261,-0.52
KKLGLCLGLKK,3.943587318,1200.605,-1.8607,-0.51
FAKKLAKKLKKLAKKLIGAVLKV,8.991202947,2537.361,-2.2328,-0.51
KLKHVGLHVGKLK,4.185897169,1456.849,-2.6234,-0.5
VFLRRIRVIVIR,3.997608453,1539.987,-1.82072,-0.49
FLPPSPWKETFRTT,0.99429376,1706.966,-4.13343,-0.49
GWGKFFKKAAKVGKKVG,5.996543356,1836.265,-3.9841,-0.49
RIRDAIAHGYIVDKV,1.090225011,1726.018,-5.17396,-0.48
MLLKKLLKKM,3.993242271,1245.755,0.9681,-0.48
GWWKRIKTWW,2.997190774,1446.727,1.23707,-0.48
CRVYNNGLPTGLYRWC,1.908764728,1915.238,-6.67416,-0.48
VARLKKWIQKVI,3.99714004,1481.899,-1.15893,-0.47
ILPWKAPAAPARR,2.997761073,1446.769,-2.71416,-0.47
ALPWKWPWWPWRR,2.997808436,1865.228,3.07604,-0.47
KLVKKLLKKYITF,4.987249884,1622.121,0.2731,-0.46
GFRKFHKFWA,3.096001835,1323.572,-0.64803,-0.45
AGDKKIKIGINGFGRIGRL,3.998216155,2013.426,-7.96156,-0.45
LLCRVHKKIA,3.051318325,1180.534,-2.00743,-0.44
PGKICYCLHCSR,1.963510428,1379.702,-5.03253,-0.44
INWKKIFEKVKDLV,1.999786368,1760.159,-1.1514,-0.44
INWKKIFQKVKNLV,3.997287334,1758.191,-2.35,-0.43
GIKDILKYGKPS,1.996897658,1318.583,-3.5593,-0.42
KNWKGIAGMAKKLLGKNWKLM,5.987950437,2416.055,-4.3083,-0.42
RWKVFKKIEKVGRNVRDGIIKAGPAIGVLGQAKALG,6.992500366,3874.698,-12.34799,-0.42
FRIRVRVAKKFGKAFVGEIM,4.993939226,2352.934,-4.50489,-0.42
RFWPVVIRTVVAGYNLYRAIKKK,5.988780225,2778.398,-4.70009,-0.42
KKKKKKAAFALWAAFAA,5.98795326,1878.346,-2.6761,-0.41
KFWSLLKKALRLWKKVL,5.988113134,2157.774,0.65277,-0.4
DLTTKLWSSWGYYLGKKARWNL,2.997044942,2687.104,-6.13863,-0.4
AAHCLAIGRR,2.052100252,1067.29,-5.03306,-0.39
FAKKLAKKLL,3.992015737,1159.53,-0.3017,-0.39
LKLLKKLLKLLKKF,5.99652824,1726.362,2.0401,-0.39
RNCTWLFSTKLKLPA,2.945973063,1778.159,-5.10303,-0.38
IIRATAAECLKHPWLKIKK,4.053183049,2219.78,-3.43443,-0.38
KKLFKKILKIL,4.988116446,1371.867,1.3645,-0.37
AGRLQKVFKVIAK,3.997487782,1457.833,-3.55023,-0.37
VGKTWIKVIRGIGKSKIKWQ,5.996807614,2325.883,-5.00503,-0.37
GGARSLGRKALRAWKKYGPAIVPIIRI,6.996167192,2948.615,-8.34202,-0.37
FIIWPLRYRK,2.991637391,1391.732,0.97654,-0.36
VFRLKKWIQKAI,3.99714004,1529.943,-0.57223,-0.36
AFRLKKWIQKVI,3.997495555,1529.943,-0.57223,-0.36
LKKLLKLPKKLLKLAG,5.996543356,1804.433,-0.0755,-0.36
KILSSLLKKLKKIIAK,5.987946518,1824.42,-2.2285,-0.36
WITLKRLGRCHPWGGHGH,3.247536559,2111.478,-5.87846,-0.36
KKLFKKILKYLAGPAKFLHSAK,7.08574712,2530.196,-2.6983,-0.36
FWGLKGLKKFSKKL,4.991853582,1680.12,-1.0515,-0.35
ALRGCWTKSIPPKPCP,2.908277555,1754.162,-5.08343,-0.35
KWKSFIKKLTSAAKKVVTTAKPLISS,6.987785446,2861.518,-9.4381,-0.35
YTLGIKILWSAYKHRK,4.088935023,1977.391,-2.88423,-0.35
ILWAKWGLKLLRYRRIY,4.995895837,2248.803,0.47541,-0.35
GILSKLGKALKKAAKHAAKA,6.095356527,2004.503,-7.0918,-0.34
IKKIVSKIKKLL,4.997127195,1410.901,-0.7451,-0.34
VFRAKKWIQKVI,3.99714004,1515.916,-0.96233,-0.34
PKLLKKFLKKWIG,4.998959978,1599.09,1.0681,-0.34
ANFLPKIFCKITRKC,3.908110757,1782.26,-3.89863,-0.34
KWFKKIPKFLHLLKKF,6.086751315,2101.709,2.5528,-0.34
RPAWLKAAFRVMRACV,3.946127611,1875.353,-3.81739,-0.34
KKCPIVVIRVCK,3.899062652,1385.857,-2.19263,-0.33
KLLLKWKLKLLK,4.988108673,1524.064,2.3767,-0.33
KWLLKLKLKLLK,4.988108673,1524.064,2.3767,-0.33
KLLLKLKLKLWK,4.988108673,1524.064,2.3767,-0.33
KWVKKVHNWLRRWIKVFEALFG,5.08885924,2841.46,-1.25736,-0.33
GIGKFLKSKGKFGKA,4.996705511,1565.929,-5.0541,-0.32
KRKSPKTPFDNTPGAWFAHLILGS,3.087967836,2669.09,-9.57003,-0.32
GLMKRIKTML,2.997189695,1190.591,-2.06053,-0.32
GMLKRIKTLM,2.997185841,1190.591,-2.06053,-0.32
LKHGLLKRIKTLL,4.095840711,1532.988,-1.87923,-0.32
RWIKIPGRWIKI,3.990654292,1565.98,0.28564,-0.32
NIWKKIFEKVKNLV,2.986898951,1759.175,-1.7507,-0.32
INWKKIFEKVKNLV,2.999062456,1759.175,-1.7507,-0.32
VKLVKYPKLKVKLYP,4.995105078,1816.355,0.8458,-0.32
KKKKVTAATYVLV,3.987426171,1448.818,-3.5043,-0.3
FIKRIARLLKKIF,4.992155121,1646.151,-0.13476,-0.3
FIKKIARLLRKIF,4.992155121,1646.151,-0.13476,-0.3
FIKRIAKLLRKIF,4.992155121,1646.151,-0.13476,-0.3
RWLHLNGRWLHL,2.188604944,1600.901,-1.67156,-0.3
RMMRIFWVIKLAR,3.990805019,1720.24,-0.57819,-0.29
ILPWKWPAAPARR,2.997761073,1561.904,-1.01006,-0.28
STIGKLVKWIIKTVNKFTKK,5.992012516,2332.911,-5.5119,-0.27
GIGAVLKVLTTGLPALKSWIKRKRQQ,5.996853957,2862.514,-9.40146,-0.27
KWKLFKKIGAVLKKL,5.987954291,1800.36,0.4179,-0.26
PKKINKLLLRILDKIASFS,3.999837074,2197.745,-4.75133,-0.26
KYIRHLKTWFKKVFKLIGEV,5.087848998,2534.143,-0.98533,-0.25
ATAWDFGPHGLLPIRPIRIRPLCGKDKS,3.053221881,3115.712,-9.04409,-0.25
KWKLFKKIGIGKFLHSAKKF,7.08658916,2405.028,-1.6102,-0.24
GLLKRAKTLL,2.997189695,1112.43,-2.50073,-0.24
FRIMRILRVLKL,3.992492267,1558.067,-0.46779,-0.24
KWKKFKKIGAVLKVL,5.987954291,1786.333,0.0278,-0.24
FKKFWKWFRRFGGGFIKHFIHRF,7.189615997,3073.709,-0.56539,-0.24
AAGKWKLFKKLPKFHLHLAKKF,7.194460442,2637.315,-0.7525,-0.22
IWRIFRRIFRIF,3.997908576,1723.156,0.42068,-0.22
VIHKLAKLAKKLAKLAK,6.095462286,1873.456,-2.139,-0.22
FFRNLWKGAKAAFRAGHAAWRA,5.091142252,2532.954,-6.90759,-0.22
GLLKRIKNLL,2.997189695,1167.51,-1.97993,-0.21
FAKKLAKKLAKLL,4.991853582,1471.944,-0.6523,-0.21
FLPKLFAKITKKNMAHIRC,5.046124307,2259.87,-3.97533,-0.21
GMWSKILGHLKR,3.095994748,1425.772,-2.91133,-0.2
AKLKAYPLKAKLYP,3.995622747,1604.018,-0.6763,-0.2
RIIDLLWRVWRPWKPKFVTVWVR,4.991363464,3050.753,0.18998,-0.2
LGLKLLWSAYKHRKTL,4.094990297,1927.375,-2.78643,-0.19
AKVVNKLTKGVAKLLK,4.997166784,1710.188,-4.651,-0.19
GFGCNLITSNPYQCSNHCKSVGYRGGYCKLRTVCTCY,3.824489782,4097.757,-21.65936,-0.19
NGAICWGPCPTAFRQIGNCGHFKVRCCKIR,4.860827727,3337.029,-13.90129,-0.19
KKLIKKILKIL,4.988116446,1337.85,1.1679,-0.18
RIIRKIIHIIK,4.089459691,1402.845,-0.72676,-0.18
WQCLTLTHRG,1.050090953,1214.419,-4.60493,-0.18
RLLRLLRLLL,2.990975291,1278.702,-0.12599,-0.17
QIWHKIRKLWQIIKDGF,3.091695515,2209.678,-1.67053,-0.16
DAHGLLKRIKTLL,2.097721096,1477.82,-3.55973,-0.16
KWKLFKKVLKVL,4.988116446,1530.027,1.7931,-0.16
VGECVRGRCPSGMCCSQFGYCGKGPKYCG,2.729271091,3033.614,-15.91246,-0.16
IAPWKWPWWPWRR,2.997761073,1865.228,3.07604,-0.15
LLWIGLKKKK,3.996860924,1226.621,0.8173,-0.15
GILKKILKKILKKL,5.996544387,1636.237,0.4288,-0.14
WLKKWLKKLL,3.995317015,1355.783,2.9099,-0.14
LLKWLKKWLK,3.996860924,1355.783,2.9099,-0.14
KWLKKLLKWL,3.9882786,1355.783,2.9099,-0.14
LKWLKKLLKW,3.996869776,1355.783,2.9099,-0.14
KLLKWLKKWL,3.9882786,1355.783,2.9099,-0.14
KWLLKWLKKL,3.9882786,1355.783,2.9099,-0.14
LKWLLKWLKK,3.996860924,1355.783,2.9099,-0.14
WLKKLLKWLK,3.995309242,1355.783,2.9099,-0.14
KLLKWWKKLL,3.9882786,1355.783,2.9099,-0.14
FAKWAFKWAKK,3.992007964,1410.734,0.7554,-0.14
KKAAHVGKHVGKAAL,4.185904942,1514.845,-5.6664,-0.14
WGIHRILKYGKPS,3.09359408,1554.865,-2.72513,-0.14
VKAKVYPAKVKAYP,3.995267233,1561.937,-1.8466,-0.14
LCRVHKKIAI,3.051319356,1180.534,-2.00743,-0.12
ASVVKKWTKGWAKLLK,4.997166784,1843.297,-2.7882,-0.11
LPLRTRLLKVL,2.997348538,1321.723,-1.32466,-0.11
CWTKSIPPKPC,1.910147869,1259.565,-2.9743,-0.1
IDWKKLPDAAKQIL,0.998899327,1638.976,-2.243,-0.1
KKLFKKILKYLAGPAGIGKFLHSAKKDEL,6.088091773,3242.998,-5.4812,-0.1
VFRLKKAIQKVI,3.99714004,1442.862,-1.64023,-0.09
IKCVPSQCNQICRVLGKKCGYCKNASTCVCL,4.683651058,3364.172,-16.23303,-0.09
VQWRIRIAVIRA,2.997618851,1480.831,-2.99949,-0.09
YVLWKRKRWIFI,3.991138883,1708.137,1.94894,-0.09
ILPWKWPWAPARR,2.997761073,1677.039,0.69404,-0.09
KKAAAHAAAAAHAAWAAHAAAKKKK,6.284386031,2450.89,-10.2726,-0.09
EIIKKIIKKIIKKI,4.998691702,1708.3,0.6622,-0.08
KKFATIAKKFINKLW,4.988117525,1836.305,-1.5258,-0.08
KFHHIFRGIKHVGKTIHRLVTG,5.383685785,2582.112,-7.00656,-0.08
FKHHIFRGIKHVGKTIHRLVTG,5.387422921,2582.112,-7.00656,-0.08
GKWQSLLKHILK,3.095836249,1450.797,-2.1185,-0.08
FFHHIKRGIKHVGKTIHRLVTG,5.387422921,2582.112,-7.00656,-0.08
KKLLKLLLKLLK,4.988108673,1451.01,1.6988,-0.08
LLKKLLKKLLKL,4.996706542,1451.01,1.6988,-0.08
LGRVDIHVWDAVYIRGR,1.096909844,2025.352,-5.07859,-0.08
LWKILWKIWRVLKNWR,4.997016111,2238.811,2.24174,-0.08
GFKRIVQAIKDFLRNLV,2.997908279,2017.457,-4.81166,-0.07
GFKAIVQRIKDFLRNLV,2.997908279,2017.457,-4.81166,-0.07
RIKRFWPVVIRTVVAGYNLYRAIK,5.988939069,2919.572,-5.03492,-0.07
GLKALKKVFKGIHKAIKLINKHVQ,7.194000457,2712.424,-5.3419,-0.06
ILPWKWCWWPCRR,2.908394055,1830.27,1.73164,-0.06
ILPCKWCWWPWRR,2.908394055,1830.27,1.73164,-0.06
ILPCKWPWWCWRR,2.908394055,1830.27,1.73164,-0.06
ILCWKCPWWPWRR,2.908394055,1830.27,1.73164,-0.06
LWKRWVGVWRKWL,3.997186383,1813.237,1.93204,-0.06
FIHHIIGGLFSVGKHIHSLIHRRRR,5.486546693,2987.575,-8.61252,-0.06
IWWAKWGLKLLRYRRIW,4.99675439,2344.895,1.92901,-0.05
RFCFKGTPCG,1.901451709,1115.351,-4.35143,-0.04
IGKLVKWIIKTVNKFTKK,5.996957267,2144.728,-2.8546,-0.04
WKKIPKFLHLLKKF,5.093951884,1826.357,2.2115,-0.03
LRFIKKILKKLI,4.996865385,1513.041,1.02967,-0.02
CSSHFPYSQYQFWK,1.052115883,1808.011,-5.1546,-0.02
NGVQPWYKWWKWWKKWW,3.98427651,2492.926,3.6219,-0.02
LLWIALKKKK,3.996860924,1240.648,1.2058,-0.01
ILPWKWPWLPYRR,2.996910659,1811.217,2.64864,-0.01
VVIRTVVAGYNLYRAIKKK,4.995428128,2191.701,-5.37546,-0.01
KLLRHRLLVTLA,3.087570582,1432.827,-2.36036,-0.01
FLWRISKFLGRKL,3.992333423,1664.081,-0.98206,-0.01
ILPWKWPYLPWRR,2.996910659,1811.217,2.64864,-0.01
KKMMKKGGKFGTFMAIGGIR,5.988105017,2186.797,-6.08763,0
KKMMKKGGKFGTFAIGMGIR,5.988105017,2186.797,-6.08763,0
KWCFRVCYSGICYSRCSG,2.808322545,2118.526,-8.18026,3.33E-16
DAACAAKCLWR,0.909694944,1207.449,-4.17743,4.44E-16
KGCALVKVRGLTLKVCK,4.898900498,1816.363,-5.43623,6.66E-16
LKGKLWLKGKL,3.996868697,1283.673,-0.0665,0.01
KKLLGWGLLKK,3.988270828,1283.673,-0.0665,0.01
GKKLLWLLKKG,3.996867666,1283.673,-0.0665,0.01
GFFRRIKTFF,2.997332391,1318.593,-1.55386,0.01
GFFKRIRTFF,2.997332391,1318.593,-1.55386,0.01
GEFLKCGESCVQGECYTPGCSCDWPICKKN,-1.265883776,3285.807,-14.8001,0.02
GLPTCGETCFKGKCYTPGCSCSYPICKKD,1.729555241,3090.673,-14.1903,0.02
KKMMKKGGKFGTFMIGMGIR,5.988105017,2246.918,-5.35443,0.02
KKKKKKAAFALWLAFAA,5.98795326,1920.427,-1.6499,0.03
KKKKKKALFAAWAAFLA,5.98795326,1920.427,-1.6499,0.03
GKCIAKAILKGAKKLLKKLVNP,6.951685587,2335.041,-4.9514,0.03
GAKLAKKQVRALGKFFSF,4.996849238,1996.438,-5.52423,0.03
KKKKKKLLFAAWAAFAA,5.98795326,1920.427,-1.6499,0.03
VARGWGRKCPLFG,2.952776498,1446.75,-4.10966,0.05
RIKRFWPVVIRTVVAGYNLYRA,4.989107965,2678.237,-5.17962,0.05
HLLWIALRKK,3.091785258,1277.629,0.17687,0.06
SIITMTKEAKLPQLGKQIACRLYNTC,2.904043351,2924.558,-11.41053,0.06
RIKRFWPVVIRTVV,3.99081112,1769.222,-1.81059,0.06
KTLLKKVLKAAA,3.988277569,1283.67,-2.5181,0.07
YKSKKPLFKIWKCVENVCVLWYK,4.902046803,2903.607,-1.3702,0.07
GIHKILKYGKPS,3.094986918,1340.637,-3.0682,0.08
GLLKRIKTAL,2.997189695,1112.43,-2.50073,0.08
GLLKRIKTLA,2.997188664,1112.43,-2.50073,0.08
GLAKRIKTLL,2.997189695,1112.43,-2.50073,0.08
LWGVWRRVIDWLR,1.998223176,1755.11,-0.26589,0.08
CWTKSIPPKPG,1.954848127,1213.471,-3.2727,0.09
GKWMKLLKHILK,4.095674095,1494.963,0.5058,0.09
GICRCICGKGICRCICGR,3.729236053,1914.481,-9.15249,0.09
SGYLPGKEYVYKYKGKVF,2.990701916,2126.488,-3.1926,0.09
GLLKKIKKLL,3.996868697,1153.567,0.1394,0.1
KLVKTWLKVLK,3.988270828,1355.78,0.3174,0.1
VFRLKKWIQKVI,3.99714004,1557.997,0.06387,0.1
VKLKYPLKVKLYP,3.995267233,1589.047,1.0912,0.1
ILPWKWPWWPARR,2.997761073,1792.174,2.39814,0.1
ILPWKWPAWPWRR,2.997761073,1792.174,2.39814,0.1
ILKWKIFKWKWFR,4.997277921,1879.38,3.79087,0.1
GMWSKIKETAMAAAKEAAKAAGKTISDMIKQ,3.000810427,3266.91,-13.5241,0.1
LKGCWTKSIPPKPCFGK,3.907493905,1890.356,-4.2559,0.11
AGVKDGKLDF,-0.000907303,1049.194,-3.8036,0.11
GKKLFKKILKYLAGPAKFLHSAK,7.094337216,2587.248,-3.5821,0.12
AAKKVLKLLKKLL,4.997174557,1465.981,-0.2128,0.12
VKKVYPLKVKLYP,3.995267233,1575.02,0.7011,0.12
GWFKKAWRKVKNAGRRVLKGVGIHYGVGLI,8.094659365,3395.126,-7.99089,0.12
LGLKLLWSAYKHRKTI,4.094990297,1927.375,-2.78643,0.13
GATAIKQVKKLFKKWGW,4.996707622,1989.446,-2.8121,0.13
AIWKKIIKKIIKSAKKIG,6.996849216,2066.702,-1.793,0.13
GLPTCGETCFKGKCYTPGCSCSYPICKKN,2.728829498,3089.689,-14.7896,0.14
LRPAILVRIK,2.997340765,1178.537,-1.21646,0.14
KWKLFKKILKVL,4.988116446,1544.054,2.1832,0.14
LKKALKLLKKLLKLAG,5.996543356,1778.395,-0.5618,0.14
LKKLLKLAKKLLKLAG,5.996543356,1778.395,-0.5618,0.14
LKKLLKALKKLLKLAG,5.996543356,1778.395,-0.5618,0.14
AKKLLKLLKKLLKLAG,5.997011371,1778.395,-0.5618,0.14
LKKLLKLLKKLLKAAG,5.996543356,1778.395,-0.5618,0.14
LKKLLKLLKKALKLAG,5.996543356,1778.395,-0.5618,0.14
KKLFKKILKYLGIGKFLHSAK,7.08574712,2461.133,-2.0516,0.14
KRKSPKTPFDNTPGAWFAHLILGC,3.043273237,2685.158,-8.63253,0.15
ALAHFLKKAIKK,4.09614211,1367.751,-1.3464,0.15
FAKKLAKKLKKLAKLALAL,6.991529272,2096.772,-1.3535,0.15
FALALKALKKLKKALKKAL,6.991529272,2096.772,-1.3535,0.15
GLPTCGETCTLGKCNTPKCTCNWPICYKD,0.73056781,3150.729,-14.8438,0.16
IGLRGLGRKIALIHKKYG,5.095406607,1993.483,-4.71036,0.16
KKMMKKGGKFTFMAIGMGIR,5.988105017,2260.945,-4.96593,0.16
KKMMKKGGKFGTFMAIGMIR,5.988105017,2260.945,-4.96593,0.16
KKMMKKGGKFGTFMAIMGIR,5.988105017,2260.945,-4.96593,0.16
KKMMKKGKFGTFMAIGMGIR,5.988105017,2260.945,-4.96593,0.16
GKCIAKAIFKGAKKLLKKLVNP,6.951685587,2369.058,-4.7548,0.16
LPRLNRWLKIWKKVVTVFS,4.997017538,2383.966,-2.36396,0.16
GIGRKFLGGVKTTFRCGVKDFASKHLY,5.050858173,2986.549,-10.52656,0.16
GFGCPFNRNECHAHCLSIGRKFGFCAGPLRATCTCGKQ,3.928475363,4088.805,-20.50129,0.16
LRIIKKILKKLI,4.996865385,1479.024,0.83307,0.17
KWKSFLKTFKKAVKTVLHTALKAISS,7.086598617,2961.642,-7.7281,0.18
EIENGVKWVSFKGAK,1.000945516,1691.952,-5.2227,0.18
CVHWQTNTARTSCIGP,1.009286682,1774.021,-10.38183,0.18
PFFPPRLPPRIPPGFPPRFPPRFP,3.999745402,2827.432,-1.46822,0.19
KWKLFKKLKVLTTGL,4.988116446,1803.316,-0.9694,0.2
KWKLFKKIGKVLKVL,5.987954291,1828.414,1.054,0.2
RIKTVTSFDLPALRWLKL,2.991378204,2157.639,-3.96766,0.2
RLLSLIRKLIT,2.990836195,1325.711,-2.44846,0.21
LRLKSIVSYAKKVL,3.996177126,1618.046,-3.19983,0.21
GIRKWFKKAAHVGKKVGKVALNAYL,7.094503833,2783.418,-6.09293,0.21
RICSRGKNCVSRPGVGSIIGRPGGGSLIGRPGGGSV,5.901437479,3465.043,-23.82935,0.21
RWFHFNGRWFHF,2.188588796,1736.969,-0.88516,0.22
KWKLFKKVLKVLTTG,4.988115415,1789.289,-1.3595,0.22
FLPKTLRKFF,2.992320587,1296.627,-0.00993,0.23
HYIRHLKTWFHKPFKLIGKV,5.288242633,2549.121,-1.19733,0.23
GIVKKIVKKIVKKI,5.996544387,1594.156,-0.7415,0.24
GIHDIAKYGKPS,1.095872984,1285.469,-4.7487,0.24
KWKSFLKTFKSASKTVLHTALKAISS,6.086760772,2908.49,-10.5285,0.24
APKGVQGPNG,0.997822145,924.027,-6.3861,0.25
LVIRTVIAGYNLYRAIKKK,4.995315628,2219.755,-4.59526,0.27
LFKEILEKIKAKL,2.000418942,1573.001,-0.0454,0.27
GGLRKLGRKILRAWKKYGPIIVPIIRI,7.996005037,3115.955,-4.12672,0.27
KHGATVKTALGKILK,4.087083999,1564.942,-5.4742,0.28
GLPTCGETCTLGKCNTPKCTCNWPICYKN,1.729842067,3149.745,-15.4431,0.28
SLLWIALRKK,2.992657823,1227.565,-0.79663,0.28
GIRWKFWKFT,2.997209443,1368.653,0.27447,0.28
KWKLFKKIPFLHLAKKF,6.086751315,2172.788,2.0575,0.28
GWKSVFRKAKKVGKTVGGLALDHYL,5.095389899,2759.304,-7.65793,0.28
HVTTTFAPPPPR,1.092109223,1320.518,-4.95403,0.29
GISLANKMSLAKWEK,1.998798201,1676.019,-5.4161,0.29
RRWPWWPWKWPLI,2.990816447,1907.309,4.10224,0.29
ILPWKWPWWPWRR,2.997761073,1907.309,4.10224,0.29
GKCIAKAIFKGAKKFLKKLVNP,6.951685587,2403.075,-4.5582,0.29
GILKSLLKKLKKIIAK,5.996536614,1794.394,-1.5894,0.3
GILSKLLKKLKKIIAK,5.996536614,1794.394,-1.5894,0.3
FAKWAFKWLKK,3.992007964,1452.815,1.7816,0.3
GKWMSLLKKILK,3.996860924,1444.899,-0.4677,0.31
LKQFVKFIHRF,3.095986718,1462.811,-0.52483,0.31
GSVLNCGETCLLGTCYTTGCTCNKYRVCTKD,0.729876239,3307.855,-19.71773,0.31
HKVVFKVKFH,3.190431057,1268.577,-0.4665,0.32
WGWRDIARGIRKVAAPVLST,2.996537205,2252.66,-6.89689,0.32
AGCIKNGGRCNASAGPPYCCSSYCFQIAGQSYGVCKNR,3.726993982,3935.525,-24.45816,0.33
GLLKRFKTLL,2.997189695,1188.528,-1.27793,0.33
IDWKKLLDPAKQIL,0.998899327,1681.057,-1.2168,0.34
KNWKGIAGMAKKLLGENWKLM,3.989887715,2416.995,-4.5725,0.34
RWGKWFKKATHVGKHVGKAALTAYL,6.186947067,2854.412,-6.34803,0.34
GYKGGYCKGA,1.950807637,1003.15,-4.6086,0.35
LKLKAIAALAKKKW,4.996707622,1582.06,-0.6663,0.35
KKLFKKILKYLAGPA,4.987265,1718.21,-0.6167,0.35
GIGRKFLGGVKTTFRGGVKDFASKHLY,5.095541683,2940.455,-10.82496,0.35
KLKLLLLKLK,3.988270828,1209.675,1.5541,0.36
KWKLFKKAVLKVLTT,4.988136194,1803.316,-0.971,0.36
WAQPKTKVIPYVRYL,2.993937185,1862.255,-1.58983,0.36
GKKLFVNVLDKIRCKVAGGC,3.908204499,2148.679,-7.13843,0.36
KKIGKKAAKKVIVKAIQAIV,6.987790121,2134.778,-4.3586,0.37
KKKKVAAATYVLV,3.987426171,1418.792,-2.8652,0.37
VKLIVKVKIWKK,4.99681127,1481.983,1.2064,0.37
KAGLQFPVGRIARFLK,3.988588514,1801.22,-4.19116,0.37
RLWDIVRRWVGWLC,1.946997913,1858.256,-0.85129,0.37
WRWACWGLKLLKYKKIY,4.948922306,2255.815,1.76847,0.37
GIIKKIIKKIIKKA,5.996543356,1594.156,-0.5974,0.38
GLLKRIKSLL,2.997189695,1140.484,-1.86303,0.39
ALKKFWEKIKSLF,2.999095687,1638.035,-0.0434,0.39
SIITMTKEAKLPQLWKQIACRLYNTC,2.904043351,3053.72,-9.31793,0.39
GGARSLGRKALRAWKKYGPIIVPIIRI,6.996167192,2990.696,-7.31582,0.39
GHGHGHGHGH,0.491566869,988.985,-7.2525,0.4
KFWKLLKKALRLWAKVL,5.988113134,2141.775,1.68037,0.4
WFGKLYRGITKVVKKVKGLLKG,6.994137949,2519.173,-3.40983,0.4
YVPLPNVPQPGRRPFPTFPGQGPFNPKIKWPQGY,3.990281409,3878.51,-9.55016,0.4
KKCKFFCKVKKKIKSIGFQIPIVSIPFK,8.898093035,3284.229,-4.0843,0.41
FAKKLAKKLAKLAL,4.991853582,1543.023,-1.1476,0.41
YVLLKRKRLIFI,3.991138883,1562.029,0.59314,0.41
ASVVKKLTKKVAGLLK,4.997166784,1683.162,-4.5341,0.41
GLKKIIKKLL,3.996868697,1153.567,0.1394,0.42
RWCVYAYVRV,1.944592248,1314.583,-1.17366,0.42
KKVVFWVKFK,3.988270828,1308.682,1.4549,0.43
GIFILKHRRPIGRGIEIT,3.097953268,2076.529,-5.31019,0.43
GLFRALLRLLRSLWRLLLRA,4.997499728,2437.079,-3.02905,0.43
LWKIGKKIWRVG,3.997026509,1483.874,-0.11353,0.45
LKWIGKKIWRVG,3.997026509,1483.874,-0.11353,0.45
GKWKLFKKAFKKFLKILAC,6.951680944,2297.981,0.2652,0.45
WKGPAKLLWK,2.995471397,1226.536,0.8462,0.46
LKKWLKKWTPKASQFFGLM,4.996702688,2337.914,-1.6094,0.46
INWKKIKSIIKAAMN,3.997276912,1758.213,-3.8541,0.47
KKKKKKALFALWLAFAA,5.98795326,1962.508,-0.6237,0.47
GFFKRWKTFF,2.997173547,1363.633,-0.01023,0.47
KKKKKKAAFALWLAFLA,5.98795326,1962.508,-0.6237,0.47
FFKKFWGGVKAIFKGARKGWK,6.991680343,2487.049,-2.18213,0.47
GFGCPKSALSCSQQCRENNTHSGGYCNGPFNIVCSCY,0.828131199,3933.417,-25.65283,0.48
KKWVPWKKIANIL,3.9882786,1624.056,0.3757,0.48
VAKKLAKLAKKLAKLAL,5.996656888,1807.393,-2.0849,0.48
GLKKLLGKLLKKLGKLLLK,6.99637446,2104.836,-0.6632,0.48
DCYCRIPACIAGERRYGTCIYQGRLWAFCC,1.730327345,3492.155,-11.46872,0.48
KRLKKIGKVLKWIAKIVGSI,6.98795098,2278.955,-2.76563,0.48
INWKKIASIGKEVLK,2.999056699,1727.13,-3.3503,0.49
VNWKKLLGKLLKVVK,4.99681127,1766.299,-0.7863,0.49
ITKVIAKLLNRLTKILSK,4.997278265,2052.628,-4.95293,0.49
RGVAKFASKGLGKDLAKLGVDLVACKISKQC,4.90207201,3204.909,-12.91493,0.49
GIKAKIIIKIKK,4.996698769,1352.821,-0.7421,0.5
KAACAAHCLWR,1.998199788,1229.503,-3.68633,0.5
GLMDTVKNAAKNLAGQLLDKIKCKITG,2.953469825,2844.447,-12.0552,0.5
GIVLKDLFSEKLRRYKIVIG,2.998671818,2347.882,-4.10276,0.51
FKIKASKVLDKFGKIVGKVLKQLKKVSAVAKV,8.991764704,3499.433,-7.5837,0.51
GLLKRIKTLL,2.997189695,1154.511,-1.47453,0.52
RRGWLALRLVLAY,2.990117817,1586.955,-1.81039,0.52
IVRPPIRCKAAFC,2.908384392,1473.882,-3.22586,0.53
IIIKKIKKKIKKIII,6.996802885,1820.52,1.4573,0.54
IKKIIKIIKKIIKKI,6.996802885,1820.52,1.4573,0.54
GKWSKILGHLIR,3.095994748,1407.732,-2.61833,0.54
LLKLLKKLLKKLLKL,5.996544387,1805.505,2.3744,0.54
KKKLLLLLLLLLKKK,5.987946518,1805.505,2.3744,0.54
LLKKLLKLLLKLLKK,5.996536614,1805.505,2.3744,0.54
KLKLLKLLKLLKLLK,5.987946518,1805.505,2.3744,0.54
ILPWKWPWWPLRR,2.997761073,1834.255,3.42434,0.54
ILPWKWPLWPWRR,2.997761073,1834.255,3.42434,0.54
ILPWKWPWLPWRR,2.997761073,1834.255,3.42434,0.54
ILPLKWPWWPWRR,2.997761073,1834.255,3.42434,0.54
ILPWKLPWWPWRR,2.997761073,1834.255,3.42434,0.54
FVPWFSKKLGREL,1.994111857,1606.937,-1.31053,0.54
VNWKKVLGKVVKVVK,4.99681127,1724.218,-1.9566,0.55
GVLKRIKTLV,2.997187679,1126.457,-2.25473,0.56
AFRPIPTHSC,1.052093901,1128.325,-4.38543,0.56
LRFLKKILKHLF,4.095824564,1556.025,1.06307,0.57
EGCNILCLLKRKVKAVKNVVKNVVKSVVG,5.909320341,3138.938,-10.93203,0.57
KKAAASAAAAASAAWAASAAAKKKK,5.987946518,2300.698,-13.1931,0.57
FFGAIAKLAMKFLPAIYKQIQKKRK,6.990829929,2939.708,-3.52103,0.58
KIAGKIAKKAGKIAKIA,5.98795326,1709.204,-4.5242,0.58
LKKLLKLLKKLLKLAG,5.996543356,1820.476,0.4644,0.58
RIKTVTSFDLPALRFLKL,2.991378204,2118.602,-4.44896,0.58
GWGSFFRRAAHVGRHVGRAALTHYL,4.293093169,2823.234,-10.47582,0.58
GFLKRFKTLF,2.997173547,1256.562,-0.88473,0.59
FAKKLAKLAKKLAKLAL,5.991691427,1855.437,-1.4982,0.59
KWKLFKKIPKFLHLA,5.086928586,1897.436,1.7162,0.59
GFMDTAKNVAKNVAKNVAVTLLDKLRCKVTGGC,3.908766255,3466.168,-16.21433,0.59
GVVKRIKTVV,2.997187679,1098.403,-3.03493,0.6
GIGAVLKVLTTGLPALIKRKRQQ,4.997016111,2461.047,-8.70116,0.6
FVKKFWGGVKAIFKGARKGLK,6.991680343,2365.951,-3.44673,0.61
RLKLLLLLRW,2.990817527,1323.742,1.41764,0.61
SIITMTKEAKLPQLWKQIACRLGNTC,2.904893766,2947.596,-10.63483,0.61
KRKCPKTPFDNTPGAWFAHLILGC,2.998589728,2701.226,-7.69503,0.62
FPLTWLKWWKWKK,3.992007964,1847.29,3.8498,0.62
VNWKKILPKIIKVAK,4.99681127,1778.31,-0.5476,0.63
ILPWKWCWWCWRR,2.908394055,1919.367,2.94944,0.63
ILCWKWPWWCWRR,2.908394055,1919.367,2.94944,0.63
ILCWKWCWWPWRR,2.908394055,1919.367,2.94944,0.63
ALWKKILKNAGKAALNKINQIVQ,4.99716644,2563.139,-7.7663,0.63
LRALLRALLRAL,2.997507382,1378.779,-2.14279,0.63
FAFAFKAFKKAFKKFKKAFKKAFGPC,8.946503674,3032.795,-2.1923,0.63
AAHCLAIGRK,2.051941753,1039.276,-4.16733,0.64
FLIGKAIKRKFCLRSVWNA,4.947486728,2250.797,-4.44326,0.64
KKMMKKGGKFGTFMAIGMGIR,5.988105017,2317.997,-5.84973,0.64
FIGRIARLLRKIF,3.992476119,1603.042,-1.49809,0.65
SALVGCGTKSYPPKPCFGR,2.902440046,1968.339,-8.80323,0.65
SPAGCRFCCGCCPNMRGCGVCCRF,2.63549906,2531.14,-13.90299,0.65
GLKALKKVFKGIHKAIKLINNHVQ,6.194162612,2698.353,-6.5955,0.66
YLPKVLHQTPGHLKP,2.188758711,1728.077,-3.086,0.66
WIQPKTKVIPYARYL,2.993937185,1876.282,-1.19973,0.66
FKLFKKIPKFLHLAKKF,6.090488451,2133.751,1.5762,0.66
IPAMEPAARVKRSPGYGGCSPRWACGGYG,2.908472124,2995.475,-13.43089,0.66
GLFSKFAGKGIKNFLNKGVKHIGKE,5.097125261,2718.251,-8.8734,0.67
VCRLPGTISREICA,0.910030266,1517.844,-6.72346,0.67
KLWKLWLKWLK,3.988270828,1541.997,4.1187,0.67
IKKIGKKAAKKVIVKAIQAI,6.996802885,2148.805,-3.9685,0.67
FKIKPGKVLDKFGKIVGKVLKQLKKVSAVAKV,8.991764704,3495.445,-6.4583,0.67
FTCAISCDIKVNGKPCKGSGEKKCSGGWSCKFNVCVKV,4.725925235,4012.82,-19.1333,0.68
RWVHVPGRWVHV,2.188602928,1527.806,-1.60116,0.68
KFAKFAKKFAKFAKGGKPQQFFGLM,6.987788282,2851.513,-4.7971,0.68
VNWKKVLGKIIKVAK,4.99681127,1724.218,-1.8125,0.69
NVWKKVLGKIIKVAK,4.984955917,1724.218,-1.8125,0.69
KKLFKKILKYLAGPAKKLFKKILKYLAGPA,9.985603813,3418.405,-1.1469,0.7
KMWSKILGHLIR,3.087404652,1481.88,-1.49663,0.7
AGRLTGNKGGLGGT,1.997839612,1258.404,-10.36953,0.71
HLLKRVQRLLIGWLDWLK,3.092505858,2287.837,-0.81146,0.71
KGLGKDLAKLGVDLVACKISKQC,2.90017947,2387.947,-8.7478,0.71
VHLRCKAAFC,2.006892722,1147.441,-3.03623,0.72
WFKKIPKFLHLAKKF,5.093951884,1931.453,1.9128,0.72
SSLLEKGLDGAKKAVGGLGKLGKDA,1.995404358,2412.819,-11.7881,0.72
KKWVPLKKIANIL,3.9882786,1551.002,-0.3022,0.73
FIKKIARLLKKIF,4.991996278,1618.137,0.73097,0.73
FIKKIAKLLRKIF,4.991996278,1618.137,0.73097,0.73
FWGLKGLKGPGKFSKKL,4.991853582,1891.341,-2.8281,0.73
ALKGCWTKSIPPKPCFGK,3.90796192,1961.435,-4.7512,0.73
KKAAHVGKHVGKAALTHYL,4.283867699,2029.428,-6.3862,0.73
GTRCGETCFVLPCWSAKFGCYCQKGFCYRN,2.729147185,3429.051,-13.31706,0.73
VKGSWSKKFEVVA,1.998917443,1464.732,-3.9617,0.74
FLKWLFKWAKK,3.992007964,1494.896,2.8078,0.74
VCWRIRVAVIRA,2.952935342,1441.819,-2.72529,0.75
SKWMSLLKHILK,3.091312151,1483.892,-1.27,0.75
ILVRWIRWRIQWG,2.997927003,1782.18,-0.08499,0.75
GIGAVLKVLTTGLPACISWCKRKRQQ,4.907649093,2827.471,-10.71696,0.75
SIITMTKEAKLGQLWKQIACRLYNTC,2.904043351,3013.655,-10.19273,0.75
AVAVVGQATQIAKKKLFKKILKYLKDEL,4.998498867,3144.89,-6.2112,0.76
GIGKFLKKAKKFGKAFV,5.996542372,1867.363,-2.6606,0.77
LGIKILWSAYKHRKTI,4.094990297,1927.375,-2.78643,0.77
GIMSSLMKKLAKIIKK,4.996698769,1789.377,-3.3121,0.78
KKFLPWKIFCAITKKC,4.898731647,1954.531,-0.5705,0.78
PAWRKAFRWAWHMLHHAA,3.296041487,2272.685,-2.06906,0.78
RRWPLLPWKWPLI,2.990816447,1761.201,2.74644,0.79
ILPWKWPWLPLRR,2.997761073,1761.201,2.74644,0.79
ILPWKWPLLPWRR,2.997761073,1761.201,2.74644,0.79
ILPLKLPWWPWRR,2.997761073,1761.201,2.74644,0.79
ILAWKWPWWPWRR,2.997761073,1881.271,3.61594,0.79
ILPWKWAWWPWRR,2.997761073,1881.271,3.61594,0.79
GFQQIVQRIKDFLQNLV,0.998073745,2046.407,-6.42733,0.79
GLMDVFKGAAKNLLASALDKIRCKVTKC,3.908766255,2994.697,-10.66563,0.79
KWKIFKKIEKVGRNIRNGIIKAGPAVAVLGEAKAL,6.991335759,3817.686,-9.81986,0.8
GILSSLWKKLKKWIAK,4.996698769,1899.405,-1.3703,0.8
KFAKFAKKFAKFAKGGPKPQQFFGLM,6.987788282,2948.63,-4.8061,0.8
KLLKFIKKLL,3.9882786,1243.692,1.7507,0.81
GIHDILKYAKPS,1.095872984,1341.577,-3.334,0.82
WKLFKKILKYL,3.994466601,1479.922,2.8617,0.82
LKKWLKKWTGKASQFFGLM,4.996702688,2297.849,-2.4842,0.82
GLLGKVLGVGKKVLCGVTGRERCQ,3.909424215,2471.045,-10.57026,0.82
PTTKTYFPHF,1.097556237,1238.411,-2.6367,0.83
FPTTKTYFPH,1.090448656,1238.411,-2.5552,0.83
LRIVKLILKWLR,3.997178266,1551.05,1.17224,0.83
VNWKKVLAKIIKVAK,4.99681127,1738.245,-1.424,0.83
RSVIFGCYRRFCFVGFK,3.90058793,2085.541,-4.53419,0.83
GIKKWVKGVAKGVAKDLAKKIL,5.997106144,2350.974,-4.2129,0.83
GGLRSLGRKILRAWKKYGPAIVPIIRI,6.996167192,3032.777,-6.28962,0.83
GIIKKIIKKIIKKV,5.996542372,1622.21,0.0387,0.84
DLASLARLYALAR,0.998370392,1432.691,-4.57826,0.84
GKWMSLLKHWLK,3.095836249,1526.92,0.047,0.84
IDWKKLLDAAKQIL,0.998899327,1655.019,-1.7031,0.84
FLKLLKKVLKKVLPKIFK,6.9915215,2183.937,2.1231,0.84
KFLHSAKKFGKAFV,4.087089756,1607.969,-2.7238,0.85
LRKLLLLLRL,2.997348538,1250.688,0.73974,0.86
KKVWFIFHVCPKLKQRIL,5.042404951,2283.914,-0.20773,0.86
GCKKWFKKAAHVGKNVGKVALNAYL,6.049823635,2731.319,-7.5971,0.87
FKIKASKKLLKKVGKGALGAVAKALAQQA,7.991366087,2966.707,-9.6533,0.87
FAKKLAKKLKKLAKKLAKLALALKALALKAL,10.99088065,3346.428,-2.7559,0.87
RVCRAIPLPICH,2.000408453,1377.753,-3.09036,0.88
WKTLLKKVLKAAA,3.995315984,1469.884,-1.3093,0.88
LLIKFLKRFIKH,4.09582441,1556.025,1.06307,0.89
FLPKILRKIVRAL,3.992333423,1567.049,-0.34426,0.89
KWKLFKKGAVLKVLT,4.988136194,1759.263,-0.7204,0.89
GACHRQGFGFACFCYKKC,2.916400634,2026.432,-7.27793,0.89
GFSSLFKAGAKYLKKQVGKAGAQQL,4.995856128,2626.106,-10.7072,0.89
SYHWGDYHDWHHGWYGWWDD,-3.611420302,2705.767,-3.2771,0.89
KLCGETCFKFKCYTPGCSCSYPFCK,2.720244066,2844.453,-9.3147,0.89
ALSILRGLEKLAKMGIALTNCKATKKC,4.90956157,2875.618,-10.31673,0.89
GIIKKIIKKIIKKIIKKI,7.996220078,2118.907,0.7182,0.9
FPVKLKFPKVKL,3.992015737,1443.889,1.1491,0.9
KKKKKKALFALWLAFLA,5.98795326,2004.589,0.4025,0.91
VNWKKILGKI,2.997143352,1198.523,-0.8264,0.91
KLPLLPWLPKK,2.988432982,1332.745,2.0603,0.91
KKLKAFLKAWAKLFKAL,5.987954291,2004.589,0.4025,0.91
KKKKAAFLKLWLKLFAA,5.98795326,2004.589,0.4025,0.91
KKKKKALFLKLWAAFLA,5.98795326,2004.589,0.4025,0.91
KWQNALLHHGLNCAKGVLK,3.141375815,2130.558,-6.7436,0.91
WKLLKKLLKLLKKLLKLL,6.994830551,2233.054,3.7279,0.91
KLLKLLLKLWKKLLKLLK,6.987784364,2233.054,3.7279,0.91
ALWKDLLKNVGKAAGKAVLNKVTDMVNQ,2.998614263,3025.62,-11.0173,0.91
LLKWLLKWLKK,3.996860924,1468.943,3.4408,0.92
IDGLKAIWKKVADLLKNT,1.99875692,2026.457,-4.3568,0.92
INWKKIASIGKEV,1.999224611,1485.795,-3.495,0.93
VLLRALARKITLGIKKYG,4.996285284,2013.554,-3.88226,0.93
GYNYAKKLANLAKKFANALW,3.995168948,2284.697,-5.5158,0.94
IKQLLHFFQRF,2.096569526,1476.794,-0.99823,0.94
KKKKFVAATYVLV,3.987426171,1494.89,-1.6424,0.94
ASVVKKWWKGWWKLLK,4.997166784,2043.541,1.2591,0.94
KYLNFAKWLKGANLAKYANA,3.986576741,2284.697,-5.5158,0.94
FGKCLKLKCV,2.902808857,1138.514,-1.3696,0.95
VTNVGGKVVTGKTAK,2.997135579,1458.726,-8.8716,0.95
FLPKVKKLLEKLL,2.993790859,1569.057,1.2321,0.95
FLPKVKKLLKELL,2.993790859,1569.057,1.2321,0.95
ILKPKLWKLTVVARKIIK,5.99711611,2147.82,-0.23233,0.95
GHHGGHGGHGHGH,0.590380039,1240.231,-9.5695,0.96
GKWMSLLKQILK,2.997023079,1444.855,-1.3312,0.96
GCSRWIIGIHGQICRD,1.007670151,1814.134,-7.44266,0.96
GKKLGLWLGLKKG,3.996867666,1397.777,-1.8341,0.97
GKWMSALKHILK,3.095836249,1411.785,-1.6571,0.97
WKIFKLKLRMLW,3.995476938,1662.174,3.00957,0.98
SALVGCWTKSYPPKPCFGR,2.902440046,2097.501,-6.71063,0.98
GKVLDKFGKIVGKVLKQLKKVSAVAKV,6.996941974,2881.641,-6.9353,0.98
CWTASIPPRPC,0.910468867,1230.483,-3.94913,0.99
FVPWFSKFKGRIE,1.994104437,1640.954,-1.11393,0.99
NVWKKILGKIIKVAK,4.984955917,1738.245,-1.4224,0.99
VNWKKILGKIIKVAK,4.99681127,1738.245,-1.4224,0.99
GWFDVVKHIAKRF,2.09671063,1602.909,-1.60353,1
CVKVKVKVGSGVKVKVKVC,5.90949925,1987.603,-5.7386,1
IKLSPETKKNLKKVLKGAIKGAIAVAKMV,6.998413838,3077.913,-8.0357,1.01
IKIVAPKKIKL,3.997289349,1250.684,0.1288,1.02
KLLKLLKKLLKALG,4.988115415,1579.141,0.3197,1.02
FLWRISKFLGKKL,3.99217458,1636.067,-0.11633,1.02
INWLRLGRRILGAL,2.997928034,1651.043,-3.35079,1.02
FTILKKLKSFIK,3.992007964,1465.892,-0.71,1.03
RLWKIGKVLKWI,3.990495449,1539.982,1.30117,1.03
FAKKLAKLAKKALAL,4.991853582,1614.102,-1.6429,1.03
GIHDILKAGKPS,1.096723398,1235.453,-4.6509,1.04
FVKSFWKKLGRIL,3.99217458,1622.04,-0.50643,1.04
FVKWFSKKLGRIL,3.99217458,1622.04,-0.50643,1.04
IICRKPIICRKPII,3.908240017,1666.229,-1.36616,1.04
YPCKLNLKLGKVPFH,3.045096711,1757.184,-2.0274,1.04
FSVTWRWWKWWKG,2.992335704,1853.169,1.26037,1.04
KWKSFLKTFKSAAKTVLHTALKAISS,6.086760772,2892.491,-9.5009,1.04
WIKIWKPGIKKWIK,4.995147088,1824.341,2.8397,1.05
GILSSLLKKLKKWIAK,4.996698769,1826.351,-2.0482,1.05
ILPWKWPFFPWRR,2.997761073,1829.235,3.13964,1.05
RFPWWWPFLR,1.990970485,1490.783,3.00394,1.05
LGLFKKLLRLIKKGFKL,5.996703231,2015.657,0.13427,1.05
GMKCKFCCNCCNLNGCGVCCRF,2.639705472,2407.037,-12.00023,1.05
ALWKTLLKKVLKAAAK,4.997166784,1782.298,-1.6599,1.06
FLGGLIKKWPWWPWRR,3.992325306,2126.594,2.00704,1.07
LKLFKKILKYL,3.996018282,1406.868,2.1838,1.07
AKVVKKLTKGVAGLLK,4.997166784,1653.136,-3.895,1.07
LKWIGKWIWRVGWNWR,3.997178266,2184.634,1.00734,1.07
GWYEIIKKIYKWLK,2.996935218,1868.302,2.2419,1.08
FIHHIIGGLFSAGKAIHRLIRRR,5.288920351,2669.238,-7.12222,1.08
VNWKKILPKIIKVVK,4.99681127,1806.364,0.0885,1.09
DAACAAHCLWR,0.008670269,1216.416,-4.34063,1.1
RVCSAIPLPICR,1.901603466,1327.689,-4.06386,1.1
LKKLLKLLKPLLKL,4.996706542,1661.287,2.2207,1.1
LKKLLKLLPKLLKL,4.996706542,1661.287,2.2207,1.1
KLLKLLKPLLKLLK,4.988108673,1661.287,2.2207,1.1
LKKLLPLLKKLLKL,4.996706542,1661.287,2.2207,1.1
KLLKLLPKLLKLLK,4.988108673,1661.287,2.2207,1.1
KVWTLFRAAGKLMAK,3.988429671,1720.167,-2.62433,1.1
LLPIVGNLLKSLLGAKRKRAG,4.997023198,2217.784,-6.70556,1.1
LFCKRGTCHFGRCPSHLIKVGSCFGFRSCCKWPWDA,4.927269083,4134.964,-13.34309,1.1
LNWGAILKHIKK,3.095836249,1420.771,-1.481,1.11
LNWGAKLKHIIK,3.095836249,1420.771,-1.481,1.11
LNWGAILKHKIK,3.095836249,1420.771,-1.481,1.11
KKFVPLKKIANIL,3.9882786,1511.965,-0.7835,1.11
FVPKFSKELGRIL,1.994111857,1533.883,-1.98843,1.11
AKKFFKKPRVIGVSIPF,4.997317253,1962.464,-2.27733,1.12
LKLKLYPLKLKLYP,3.995154732,1730.261,2.4023,1.12
GIMSSLMKKLAAHIKK,4.095674095,1756.263,-4.5015,1.12
GIMSSLMKKLKAHIAK,4.095674095,1756.263,-4.5015,1.12
WLLWIGLRKK,2.99563024,1312.674,1.54657,1.13
ALWKTMLKKLGT,2.997518614,1389.775,-1.8536,1.13
ASVVNKLTKGVAKLLK,3.997328939,1669.091,-5.7877,1.13
KKLALALKKPALLWKKLALALKKA,7.987628951,2658.5,-0.7009,1.13
KKLALALKKLAPLWKKLALALKKA,7.987628951,2658.5,-0.7009,1.13
KKLKLAPAKLALLWKALALKLKKA,7.987628951,2658.5,-0.7009,1.13
KKLKLALAKPALLWKALALKLKKA,7.987628951,2658.5,-0.7009,1.13
KKLKLALAKLAPLWKALALKLKKA,7.987628951,2658.5,-0.7009,1.13
KKLAKALKLPALLWLKLAKALKKA,7.987628951,2658.5,-0.7009,1.13
KKLAKAPKLLALLWLKLAKALKKA,7.987628951,2658.5,-0.7009,1.13
LFVNVLDKIR,0.998067644,1216.494,-1.80313,1.14
GIIKKIIKKIIKKI,5.996544387,1636.237,0.4288,1.14
ALWKTLLKKV,2.997496851,1199.551,0.0675,1.14
LLLLKFKKLQ,2.997022734,1243.648,0.8872,1.14
KKSLLAKAKNFGGKVITIFKA,5.98795326,2262.82,-6.2349,1.15
GGARSLGRKILRAWKKYGPIIVPIIRI,6.996167192,3032.777,-6.28962,1.15
TKVIPYVRYL,1.99027593,1251.539,-0.65843,1.16
LNLKKLLAVAKKI,3.996868697,1451.91,-1.4664,1.16
GKWMSWLKHILK,3.095836249,1526.92,0.047,1.16
GKWMSLWKHILK,3.095836249,1526.92,0.047,1.16
GKWMSLLKHIWK,3.095836249,1526.92,0.047,1.16
IKWAGKWWKLFK,3.997281576,1590.985,2.4053,1.16
RIKRFWPVVIRTVVAG,3.990812105,1897.353,-3.18969,1.16
WFKKIPKFLHLLKKF,5.093951884,1973.534,2.939,1.16
KWKLFKKIAKKFAKAFVAEIM,5.989563405,2526.229,-0.0588,1.16
KKLLKWLLKLL,3.9882786,1395.889,2.7629,1.17
GIIRGIIKIIKR,3.997178266,1379.807,-1.94496,1.18
FLKWLFKWLKK,3.992007964,1536.977,3.834,1.18
GIHHILKYGKPS,2.193962243,1349.604,-3.2314,1.18
VKKLVYPLKVKLYP,3.995267233,1688.18,1.232,1.18
VKLKVYPLKVKLYP,3.995267233,1688.18,1.232,1.18
GCRFCCNCCPNMSGCGVCCRF,1.640026471,2263.807,-12.90276,1.18
GLLKRIKALL,2.997189695,1124.485,-0.83543,1.19
RLARIVVIRVAG,2.990974259,1322.671,-3.70159,1.19
GKWMHLLKHILK,3.19464942,1503.93,0.3426,1.19
LKLKNIVSWAKKVL,3.996868697,1640.096,-1.6753,1.19
VKKFPWWWPFLKK,3.996973424,1790.238,4.1038,1.19
IDGLKAIVKKVADLLKNT,1.99875692,1939.376,-5.4248,1.19
GFGCPFNKNECHAHCLSIGRKFGFCAGPLRATCTCGKQ,3.92831652,4060.791,-19.63556,1.19
KKVIIEYVKIEA,0.991139555,1432.771,-0.7338,1.2
PPPPPPPPPP,-0.000241353,989.185,-0.258,1.2
GLSRLFTALK,1.997344077,1105.35,-3.44083,1.21
TILQSLKNIFK,1.991810142,1304.6,-3.5546,1.21
GKAMSLLKHILK,3.095836249,1338.731,-2.335,1.22
KTVGKLALKHWL,3.087253926,1393.745,-1.3657,1.22
IIICRKPIICRKPIICRKPIICRKPIICRKPIII,9.773693091,4025.39,-3.81655,1.22
PKLAIRITCKIHKKVAISV,5.053247498,2118.716,-4.82033,1.23
YQLLIRPIYKNI,1.990453934,1533.883,-1.10243,1.24
RIGSILGALAKGLPTLKSWIKNR,4.99048402,2493.048,-8.29486,1.24
AIGSILGRLAKGLPTLKSWIKNR,4.997484126,2493.048,-8.29486,1.24
FAFAFAFKKAFKKFKKAFKKAF,7.99135097,2647.305,-0.3279,1.24
FAKKFAKKFKKFAKKFAFAFAF,7.99135097,2647.305,-0.3279,1.24
GNHDCCMGQLPKCMLGPGQGAATCQGK,0.917988278,2706.205,-16.0875,1.24
GVVDIIKGAGKKFAKGLAGKIANKK,5.997098371,2512.091,-8.7377,1.25
GIKDWIKGAAKKLIKTVASHIANQ,4.096235507,2591.105,-8.8989,1.25
ALWKNMLKGIGK,2.997491094,1358.721,-2.1084,1.25
FLGGLIKRPPAMICAVRKKC,4.90278647,2201.856,-4.46616,1.25
WLLWIALRKK,2.99563024,1326.701,1.93507,1.27
KLKLVALHKQVL,3.087253926,1389.798,-1.1343,1.27
GHRRYATFGGGYVYF,2.093756474,1750.942,-5.40956,1.27
GHRRYFTFGGGYVYA,2.09377159,1750.942,-5.40956,1.27
DILIIVGGRR,0.999220806,1111.358,-3.13406,1.28
WGWRDIVRGIRKVAAAVLST,2.996537205,2254.676,-6.74709,1.28
KKIGIWIGIKK,3.988270828,1283.673,-0.0665,1.29
INWKKIAKKVAGML,3.997289349,1600.056,-1.9653,1.29
LNWGAGLKHGGK,2.095998404,1237.432,-4.808,1.29
FAKKLLAKALKL,3.992015737,1343.769,-0.2661,1.29
FAKLLAKLAKKL,3.992015737,1343.769,-0.2661,1.29
FAKLLAKALKKL,3.992015737,1343.769,-0.2661,1.29
ILPLKLPLLPWRR,2.997761073,1615.093,1.39064,1.29
VNWKKVLAKIIKVVK,4.99681127,1766.299,-0.7879,1.29
KWKLFKGIRAVLKVL,4.988275289,1799.332,0.07917,1.29
ILAWKWAWWPWRR,2.997761073,1855.233,3.12964,1.29
ILPWKWAWWAWRR,2.997761073,1855.233,3.12964,1.29
GVITDALKGAAKTVAAELPRKAH,2.098323444,2317.725,-9.88023,1.29
VALRLAKEVIKVQQGW,1.999078397,1838.234,-3.91113,1.3
GLKALKKVFQGIHKAIKLINNHVQ,5.194324766,2698.309,-7.459,1.31
FKALLWQWRM,1.992495036,1378.714,0.97517,1.31
VGKVLKQLKKVSAVAKVAMKKGAALLK,7.996324805,2807.628,-7.1273,1.31
RIIRKIIHII,3.089629618,1274.67,-0.34056,1.32
YQLAIRMIYKNI,1.990453934,1525.885,-1.88173,1.32
PPPPPPPPPPP,-0.000241353,1086.302,-0.267,1.32
MNAIKLLCRV,1.949043753,1160.521,-2.47373,1.32
ILKKLLKGVKSI,3.997289349,1339.778,-1.2427,1.32
RFPKLMMKLLV,2.990655588,1375.861,0.81697,1.32
ALWKTLLKKVLKA,3.997335681,1511.965,-0.2831,1.32
LARFVLRILKYGFK,3.996328196,1724.177,-0.58936,1.32
KHVGKAALTHYL,2.185378837,1337.593,-3.3308,1.33
FAKLLAKLAKAKG,3.992014706,1358.74,-2.1761,1.33
ALWKSLLKNVGKA,2.997497835,1427.759,-3.3399,1.33
GLKKVIKLLRPLL,3.99702754,1490.991,-0.06363,1.33
FPVTWRWWKWWKG,2.992335704,1863.208,2.77427,1.34
GIWKKWIKKWLKVLKNLF,5.99652824,2328.973,2.2219,1.34
IKALLALPKLAKKIAKKFLK,6.996795112,2235.97,-0.3363,1.35
FKRFKGSVKHGKGHLVHHIGVAL,5.387265109,2553.07,-7.16413,1.35
GMWKKILGHLIR,3.095994748,1451.854,-0.85753,1.36
HRRYFTFGGGYVYF,2.089546639,1769.988,-3.30296,1.36
GIWSSLLKKLKKIIAK,4.996698769,1826.351,-2.0482,1.37
GILSSLLKKWKKIIAK,4.996698769,1826.351,-2.0482,1.37
GILSSLWKKLKKIIAK,4.996698769,1826.351,-2.0482,1.37
PKLKTFLSKWIG,2.999284287,1417.763,-1.3477,1.37
ILGWKWGWWGWRR,2.997761073,1787.114,1.47784,1.37
TALKSLSILKKLAKLNM,3.991489752,1872.398,-5.0186,1.37
GIIKKIIKKI,3.996868697,1153.567,0.1394,1.38
GLLKRIKWLL,2.997189695,1239.62,0.86867,1.38
GLKKWFKKAVHVGKKVGKVALNAYL,7.094344989,2783.458,-4.5911,1.38
CYCRIPACIAGERRYGTCIYQGRLWAFCC,2.730948776,3377.067,-10.42822,1.38
GLWKILKKGA,2.99702982,1113.417,-0.7065,1.39
FFGWLIRGAIHAGKAIHGLIHRRRH,5.387725338,2920.487,-6.84992,1.39
LYAKIIKKLLES,1.99794887,1418.788,-0.8261,1.4
LKKWLKKWTLKASQFFGLM,4.996702688,2353.957,-1.0695,1.4
GKPIGNAILGLRPKISRWL,3.997186383,2089.568,-5.29596,1.41
PWLKPGDLDL,-0.998942549,1153.346,-0.7355,1.41
GKWMSLLKHILK,3.095836249,1453.866,-0.6309,1.41
AGLFKKLARAIAKGFKA,4.997332369,1790.237,-4.07963,1.41
GLFKVIKKVAKVIKKL,5.996544387,1812.412,-0.5093,1.41
PKLKFLSKWIG,2.999284287,1316.658,-0.2133,1.42
KKLLKLLKLLL,3.9882786,1322.835,2.085,1.42
KLKLLLLLKLK,3.988270828,1322.835,2.085,1.42
GKLFKKILKFL,3.996868697,1334.761,1.0635,1.42
FVKLKKIANIINSIFKK,4.991845809,2004.542,-3.065,1.42
RIKRFWPVVIRTVVAGY,3.989955662,2060.529,-2.75659,1.42
LNWGAIKKHIIK,3.095836249,1420.771,-1.481,1.43
KNWGAILKHIIK,3.087246153,1420.771,-1.481,1.43
ILWACWGLKLLRYRRIY,3.951374482,2223.774,0.27621,1.44
ACTKSIPPICGK,1.908286229,1217.525,-5.0223,1.45
CWTVSIPPRPC,0.910468867,1258.537,-3.31303,1.45
NVWKKILGKIIKVVK,4.984955917,1766.299,-0.7863,1.45
IKKEKVYLAWVPAHKGIGN,3.097014792,2151.591,-3.7219,1.45
WGWRDIVRGIRKVAAPVLSA,2.996516426,2250.688,-5.62169,1.45
KIAGKIAKIAGKIAK,4.988108673,1509.95,-3.6427,1.46
KLGALWNVAKSKF,2.988424608,1461.776,-3.1433,1.46
GLLKLLKKLLKLLK,4.996698769,1621.222,1.3459,1.46
KLLKLLKKLLKLLG,4.988115415,1621.222,1.3459,1.46
ASVVKKLWKGVWKLLK,4.997166784,1883.406,-0.4868,1.46
GLNALKKVAQGIHEAAKLINNHVQ,2.196424199,2566.999,-11.2258,1.46
FAKLLAKLAKAKA,3.992014706,1372.767,-1.7876,1.47
FAKLLAKLAKKAA,3.992014706,1372.767,-1.7876,1.47
KFLPKIFCAITKKC,3.898893802,1640.142,-1.3931,1.47
FAKKLAKLAKKLLAL,4.991853582,1656.183,-0.6167,1.47
FAKKLAKLALKLAKL,4.991853582,1656.183,-0.6167,1.47
LLIILRRGHYY,2.094615976,1416.739,-0.50286,1.48
KIAGKIAKIAKKIAKIA,5.98795326,1765.312,-3.1095,1.48
LNALKKVFQGIHEAIKKI,3.09745699,2050.527,-4.0722,1.48
DAACAAHCLFR,0.008670269,1177.379,-4.82193,1.48
GIHDILKYGKPA,1.095878643,1311.551,-2.6949,1.48
IYYPPNHNFP,0.095037175,1261.405,-1.8179,1.49
GFMDTAKNVAKNVAVTLIDKLRCKVTGGC,2.90892841,3053.677,-13.83383,1.49
IGCWTKSIPPRPCFVK,2.908235556,1832.276,-3.71083,1.5
GLMDTVKNAAKNLAGQLLDTIKCKMTGC,1.908931721,2938.563,-13.6818,1.5
ACPIFTKIQGTCYRG,1.9076014,1657.985,-6.46343,1.51
FILYGLIRFGRLLRK,3.99163408,1865.351,-0.92259,1.51
GSGILILIKRK,2.997181922,1197.536,-2.74683,1.51
KRKILILIGSG,2.988598568,1197.536,-2.74683,1.51
GKLLVKKIVSLVRSA,3.997026509,1611.055,-4.37593,1.51
KWKSFIKKLTSAAKKVVTTAKPLALIS,6.987785446,2958.679,-7.8796,1.51
VRLWIRVAVIRA,2.997618851,1451.833,-1.60899,1.52
GLFDIVKKVLRLLK,2.997743679,1642.112,-0.75773,1.52
KWKLFKKIGIGKFL,4.988116446,1706.202,1.0023,1.53
SFHVFPPWMCKSLKKC,3.001935125,1938.425,-2.4557,1.53
KWKKFIKKLTSAAKKVLTTGLPALIS,6.987785446,2871.601,-6.3551,1.53
FLGALFKKASK,2.992170119,1209.502,-2.1256,1.54
DRGWGNGCGLFG,-0.045452306,1238.353,-6.55593,1.54
LCAAHCLAILRR,2.006948728,1339.704,-3.67286,1.54
GKWMTLLKHILK,3.095836249,1467.893,-0.2424,1.54
GKWMSFLKHILK,3.095836249,1487.883,-0.4343,1.54
LKWKSIVSWAKKVL,3.996868697,1686.124,-0.8805,1.54
KWCVYAYVKVKGVLVKYKKCW,5.896037109,2592.269,-0.0018,1.54
GLLKKIKTLL,2.997030851,1126.497,-0.6088,1.55
INWKKLGKKILGAL,3.997289349,1582.016,-1.6707,1.55
WRAWAKIYHGVGKLLKGVGRW,5.093436383,2481.99,-2.89036,1.55
WSKILGHLIR,2.094605221,1222.505,-1.34833,1.56
PPPPPPPPPPPPP,-0.000241353,1280.536,-0.285,1.56
LQLLKQLLKLLKQF,2.997014704,1726.23,-0.5504,1.56
FLRNGGSYYIVPAFRGKG,2.990793719,2002.313,-6.65496,1.56
GLLRASSVWGRKYYVDLAGCAKA,2.951524926,2484.917,-8.71776,1.56
LARLRRLCFLWAAAWPWPWR,3.952812444,2569.14,0.00748,1.56
FLHSIGKAIGRLLR,3.091300632,1580.948,-3.92976,1.57
VFRLKKWIAKVI,3.99714004,1500.945,0.81827,1.57
AAKIILNPKFRCKAAFC,3.908110757,1894.392,-4.25013,1.57
GMWSKILGKLIR,2.997181577,1401.79,-1.83103,1.58
GKWWSLLKHILK,3.095836249,1508.88,0.34,1.58
WGWRDIVRGIRKVAAPVLAT,2.996537205,2264.715,-5.23319,1.58
IWWAKWGLKLLDYRRIW,2.997481613,2303.794,2.14044,1.58
GGLRSLGRKILRAWKKYGPIIVPIIRI,6.996167192,3074.858,-5.26342,1.59
LKLKSIVSAAKKVL,3.996868697,1497.935,-3.2625,1.6
GWKAIHKAAKGIHTYVN,3.193794342,1894.217,-5.5271,1.6
KRLKKIGKVLKWIPPIVGSI,5.988113134,2273.935,-1.90213,1.6
GKLFKKILKIL,3.996868697,1300.744,0.8669,1.61
GLFKIISKLAKKA,3.996867666,1416.82,-2.1775,1.61
LKGCWTKSIPPKPCFG,2.907662802,1762.181,-3.8697,1.61
KLFAVIKKVAAVIRRL,4.988434133,1825.371,-1.96136,1.61
GILSSLLKKLKKIIAK,4.996698769,1753.297,-2.7261,1.62
LLKKVLKAAA,2.99702982,1054.39,-0.9975,1.62
GLLKRIKLLL,2.997189695,1166.566,0.19077,1.63
KLALKAAAKAWKAAAKAA,4.988115415,1782.214,-4.6999,1.63
KRSWDIVKKYVGVVVGTIH,3.087107811,2184.621,-5.10413,1.63
KLCKIVVIKVCK,3.898903809,1373.886,-0.787,1.64
WKLFKKILKVL,3.995317015,1415.879,2.5694,1.64
ILPVKVPVVPVRR,2.997761073,1471.904,-1.23776,1.64
KIGKALGKALKALGKALGKA,5.98795326,1936.468,-5.7609,1.64
ILGKIWKGKKSLF,3.997273202,1517.928,-0.8619,1.66
GEYCGESCYLIPCFTPGCYCVSRQCVNKN,-0.269762641,3237.766,-14.54653,1.66
DTHFPICIFCCGCCHRSKCGMCCKT,1.83908594,2797.477,-11.74693,1.67
FVRWFSRFLGRIL,2.992654422,1697.07,-1.12419,1.67
FPFLKLSLKIPKSAIKSAIKRL,5.991850271,2499.179,-3.67543,1.67
KLIHRLKTVFKKVWHFLGHL,5.284714802,2501.121,-0.94973,1.67
WAKKAAKIGAKALPSVVKAFKGSGQ,5.994984588,2542.076,-9.0517,1.67
KKKKKKWAGSAAIGAALPSVVGAFQ,5.987946174,2542.076,-9.0517,1.67
WAGSAAIGAALPSVVGAFQKKKKKK,5.994984933,2542.076,-9.0517,1.67
LNKGAILKHIIK,3.095836249,1347.717,-2.1589,1.68
KKFATIAKKFINYLW,3.987429266,1871.306,-0.7065,1.68
PPPPPPPPPPPPPP,-0.000241353,1377.653,-0.294,1.68
GWAKLITKAIKKI,3.996868697,1469.884,-1.3077,1.68
VKKFAWWWPFLKK,3.996973424,1764.2,3.6175,1.69
AAKAAAKAAAKAA,2.997497835,1113.33,-6.1981,1.7
FSIARLLKWWKG,2.992335704,1504.848,-0.27503,1.7
AIPYIYIYRLLRKG,2.995264279,1739.144,-0.41086,1.7
RIKRFWPVVIRTVVAGYNL,3.989962722,2287.793,-3.86549,1.7
FFGWLIKGAIHAPKAIHPLIHRRRH,5.387566494,2972.603,-4.23459,1.7
LNWGAALKHAAK,2.095998404,1279.513,-3.6425,1.71
VFLRILVRKIAPGVKKYG,4.996285284,2057.61,-2.31426,1.71
ICIFCCGCCHRSKCGMCCKT,2.738975191,2199.848,-9.74113,1.71
DLQCAETCVHSPCIGPCYCKHGLICYRN,-0.071342777,3127.702,-12.72383,1.71
INWLKIKKKVAGML,3.997289349,1642.137,-0.9391,1.73
FAKLLAKLAK,2.992170119,1102.434,-0.4108,1.73
INWLKIAKKVKGML,3.997289349,1642.137,-0.9391,1.73
LQTKLKKLLGLESVF,1.998789827,1717.131,-3.1635,1.73
GVIKAAKKVVKVLKKLF,5.99652824,1869.464,-1.3947,1.73
EEEEAAAGFAKLLAKLAKKLL,0.004341379,2243.678,-4.7065,1.73
GIGAVLKVATTGLPAAISWIKRKRQQ,4.997016111,2763.337,-10.53676,1.73
GIGAVAKVLTTGAPALISWIKRKRQQ,4.997016111,2763.337,-10.53676,1.73
GLPVCGETCFGGRCNTPGCTCSYPICTRN,0.730321908,3010.507,-18.17606,1.73
VIIKKIIKKIIKKI,5.996656888,1678.318,1.4534,1.74
LRHKVYGYCVLGP,2.049767547,1504.826,-2.42643,1.74
KWKLFKKGIGAVLKV,4.98811443,1715.21,-0.4698,1.74
PHVALKPGKLKFIIPSPKRPVKLLSG,6.097769838,2821.548,-5.05953,1.74
WKLFKKILKFL,3.995317015,1463.923,3.1561,1.75
EDIGHIKYCGIVDDCYKSKKPLFKIWKCVENVCVLWYK,1.919996522,4565.488,-6.8495,1.75
FIKKIAKLLKKIF,4.991837435,1590.123,1.5967,1.76
GLLKFIKRLL,2.997189695,1200.583,0.38737,1.76
GLLKRIKFLL,2.997189695,1200.583,0.38737,1.76
YQLLIRMIYKNI,1.990453934,1567.966,-0.85553,1.76
FLGGLIKPWWPWRR,2.992487461,1812.205,1.18444,1.76
ALWKTMLKKLGTM,2.997495012,1520.975,-1.6157,1.77
GLPVCGETCKGGTCNTPGCTCSWPVCTRN,0.731013479,2945.432,-18.78663,1.77
ATAWRIPPPGMQPIIPIRIRPLCGKQ,3.953121615,2910.608,-6.62779,1.78
FPLTCPTKWWKG,1.947655506,1463.772,-0.9389,1.78
LNLKKLAAVAKKIL,3.996868697,1522.989,-1.9617,1.78
GKLWLKGGKLWLKG,3.996867666,1583.991,-0.6253,1.78
GGLKKLGKKLEGAGKRVFNAAEKALPVVAGAKAL,5.999929167,3391.121,-11.95693,1.78
GKFMSLLKHILK,3.095836249,1414.829,-1.1122,1.79
IKWAGKLFKLFK,3.997281576,1478.894,1.2461,1.79
LKLKSIVSWAKKVL,3.996868697,1613.07,-1.5584,1.79
ILAWKWAWWAWRR,2.997761073,1829.195,2.64334,1.79
WIQPKAKVIPYVRYL,2.993937185,1874.31,0.07547,1.79
GLRSSVKTLLRGLLGIIKKF,4.997008081,2199.765,-5.99596,1.8
SKKLFKKILKYLAGPAGIGKFLHSAK,7.089813118,2844.538,-5.4579,1.8
ILPSKLCRLLGNC,1.908387704,1429.822,-4.29643,1.81
PAWHHAFHWAWRMLKKAA,3.295882643,2244.671,-1.20333,1.81
GGLRSLGRKILRAWKKGGPIIVPIIRI,6.997017606,2968.734,-6.58032,1.81
FIKAIARLLRKIF,3.992317276,1589.055,-0.24386,1.82
GLAANFLPKIFCKITRKC,3.907642742,2023.551,-4.74683,1.82
WLKGLIKFIR,2.995629896,1273.637,1.06527,1.83
LRWLGTKVGILK,2.997181922,1383.75,-1.53963,1.83
ILKKLWEGVKSI,1.999226627,1413.772,-0.829,1.83
GKWLSLLKHILK,3.095836249,1435.826,-0.3379,1.83
GLFDVIKKLLKKIKGL,3.997430453,1813.352,-0.7719,1.83
ATNIPFKVHFRCKAAFC,3.007086082,1953.375,-5.24593,1.83
VLPKVMAHMK,2.096110905,1153.529,-0.6243,1.84
IRAWAKVLKGVGKILKGVGRW,5.997283806,2335.926,-3.69736,1.84
GFGCPFNQNECHAHCLSIGRKFGFCAGPLRATCTCGKQ,2.928478674,4060.747,-20.49906,1.84
FKAFKAFKAFKAFKAFKA,5.991690396,2096.601,-1.0105,1.86
LLPIVGNLLKSLLGWKRKRFG,4.997023198,2409.017,-3.77866,1.86
GWKRKRFGLLPIVGNLLKSLL,4.997024229,2409.017,-3.77866,1.86
DIGKYCGYAHALN,0.051489787,1424.604,-5.118,1.87
LNWGKILKHIIK,3.095836249,1462.852,-0.4548,1.87
HFLGTLVNLAKKKL,3.091634187,1581.972,-2.9559,1.88
FLPAFKNVISKILKALKKKV,5.991689412,2285.942,-2.1749,1.88
CFKFKFKFGSGFKFKFKFC,5.90949925,2371.955,-1.045,1.88
RWIHIPGRWIHI,2.188604944,1583.914,-0.04076,1.88
FLGGLIKWKWPWWPWRR,3.992325306,2312.808,3.21584,1.88
GLGKFLHSAKRFGKAFVGEAMNS,3.097609143,2452.875,-9.78053,1.88
LKLFKKILKVL,3.996868697,1342.825,1.8915,1.89
KKAAAYAAAAAYAAWAAYAAAKKKK,5.985395276,2528.992,-7.3251,1.89
LNLKALLAVAKK,2.997023079,1281.654,-2.1064,1.9
VKLNVYPLKVKLYP,2.995429387,1674.109,-0.0216,1.9
RVCKAIPLPICH,2.000249609,1349.739,-2.22463,1.91
FAKALAKLAKKLL,3.992015737,1414.848,-0.7614,1.91
FAKLLAKALKKAL,3.992015737,1414.848,-0.7614,1.91
FAKLLAKLAKKAL,3.992015737,1414.848,-0.7614,1.91
ALWKNMLKGIGKLAGK,3.997328939,1728.187,-3.3428,1.91
GKIIKLKASLKLL,3.996868697,1424.884,-1.3479,1.92
IKNAKVCVYAVCVSHK,3.006039469,1762.182,-5.5914,1.92
ALSILKGLEKLAKMGIALTNCKATKKC,4.909402727,2847.604,-9.451,1.92
LLRHVVKILSKYL,3.095152451,1582.016,-0.81393,1.93
KIAKVALKAL,2.988440755,1054.39,-0.9975,1.94
ALWKTLLKKVLKAA,3.997335681,1583.044,-0.7784,1.94
LWKTLLKKVLKAAA,3.996867666,1583.044,-0.7784,1.94
EDIGHIKYCGIVDDCY,-2.990587526,1843.072,-5.1327,1.94
GLLKRIKILL,2.997189695,1166.566,0.19077,1.95
GLLKIIKRLL,2.997189695,1166.566,0.19077,1.95
IRIILRAQGALKI,2.997769191,1464.869,-2.91526,1.95
ATKKCGLFKILKGVGKI,4.952491047,1804.326,-3.8921,1.95
KALWKTMLKKLGTMAL,3.9882786,1833.389,-1.9663,1.95
RAGLQFPVGGIGKFLHSAKKFGK,5.089138692,2443.934,-7.70783,1.95
GFGCPFNENECHAHCLSIGRKFGFCAGPLRATCTCGKQ,1.930253797,4061.731,-19.89976,1.95
GFKDLLKGAAKALVKTVLK,3.997422681,2000.507,-4.3132,1.96
RIKRFWPVVIRTVVAGYNLY,3.989105248,2450.969,-3.43239,1.96
GLLTRIKTLL,1.997351849,1127.441,-2.22273,1.97
QQLLFIHFRIGCQHS,1.145597186,1827.151,-5.59983,1.97
KWKLLLLLLKWK,3.988270828,1582.103,3.9717,1.98
KKLLPIVKNLLKSLL,3.9882786,1720.267,-0.9459,1.98
GHRRYFTFGAGYVYF,2.093756474,1841.067,-3.79826,1.98
LMGLFNRIIRKVVKLFN,3.997173946,2061.623,-2.89716,1.98
KKAAACAAAAACAAWAACAAAKKKK,5.85389599,2348.902,-10.3806,1.98
KKLFKKILKYLAGPAGIGKFLHSAK,7.08574712,2757.46,-3.935,1.98
KKLFKKILKYLAGPAVAVVGQATQIAKKDEL,4.989440756,3370.138,-7.5993,1.98
GLTRLFSVIK,1.997344077,1133.404,-2.80473,1.99
FLIKILKGGKGGK,3.992007964,1358.74,-2.3154,1.99
KIGKVLLVKGIK,3.988270828,1295.725,-0.9937,2
LKLFKKILKFL,3.996868697,1390.869,2.4782,2
ACYCRIPACIAGERRYGTCIYQGRLWAFCC,2.72907713,3448.146,-10.92352,2
NWKGIAAMAKKLL,2.985287999,1443.827,-2.2152,2.01
LNWKAILKHIIK,3.095836249,1476.879,-0.0663,2.01
KIGAKIKWGAKIKIGAKI,5.987954291,1923.472,-2.6777,2.01
KIGKAIKWGKAIKIGKAI,5.987954291,1923.472,-2.6777,2.01
KKIGAIKKWGAIKKIGAI,5.987954291,1923.472,-2.6777,2.01
KIGAIKKWGAIKKIGAIK,5.987946518,1923.472,-2.6777,2.01
KIKGAIKWKGAIKIKGAI,5.987954291,1923.472,-2.6777,2.01
ILIACWGLKLLRYRRIY,3.951374482,2150.72,-0.40169,2.01
SALVGCWTKSWPPKPCFGRG,2.903297546,2177.591,-6.81873,2.01
FKLFKKILKVL,3.992015737,1376.842,2.0881,2.02
GLLKKLLKIAAKVGKKLL,5.996544387,1934.58,-1.3048,2.02
IQRWWKVWLKVI,2.997610347,1655.073,2.14017,2.03
GFWGKLWKPVKKAI,3.996868697,1658.073,0.4445,2.03
KFWPWKIFCAITKKC,3.898893802,1899.41,0.4936,2.03
GLLDTIKNTAKNLAVGLLDKIKCKMTGC,2.908769567,2962.648,-11.4991,2.03
YPVKLYPVKL,1.990295091,1219.537,1.3327,2.04
GMWSKLLGHLLR,2.096156903,1410.757,-1.99423,2.04
FAKLLAKAFKKAL,3.992015737,1448.865,-0.5648,2.04
GKILKYLLYLLRKYANLIIR,4.994464869,2465.121,-0.69046,2.04
GLPVCGETCVGGTCNTPGCTCSKPVCTRN,0.731013479,2858.351,-19.85463,2.04
KGLFHAGKMIH,2.18621295,1238.529,-2.1934,2.05
KLLKHKLLVTLA,3.087252895,1376.799,-0.6289,2.05
RKVAPALIKSFVFLFKFKKG,5.990170109,2324.938,-1.89143,2.05
KWKCLAKVGIAAH,3.042554115,1424.784,-2.3382,2.06
LNALKKVFQKIHEAIKLI,3.09745699,2106.635,-2.6575,2.06
KFAKFAKKFAKFAKGGQQFFGLM,5.987950437,2626.221,-4.4019,2.06
FFGWLIKGAIHAPKAIHGLIHRRRH,5.387566494,2932.538,-5.10939,2.06
FFGWLIKPAIHAGKAIHGLIHRRRH,5.387566494,2932.538,-5.10939,2.06
LLIAAFKKLVKK,3.996860924,1371.823,0.37,2.07
HKLGTLVNLAKKIL,3.091634187,1547.955,-3.1525,2.07
GFKDLLKGAAKALKKTVLF,3.997414306,2048.551,-3.7265,2.07
LTVSPWYGCGKLAKLAKKLAKLAK,5.951002691,2588.254,-4.967,2.07
KKLALALKKLALLWKKLALALKKA,7.987628951,2674.543,-0.161,2.07
KKLAKALKLLALLWLKLAKALKKA,7.987628951,2674.543,-0.161,2.07
GIRIIPVIIPGYKKWARLIKRGLSRLGG,6.996166161,3131.91,-6.14722,2.07
ILKKLLEGVKSI,1.999226627,1340.718,-1.5069,2.08
ACWWAGIRQEF,-0.044942515,1366.571,-2.02233,2.08
AIGPKGDRGFPGPLG,0.998542745,1438.654,-5.91713,2.08
IIICRKPIICRKPIICRKPIICRKPIII,7.818542067,3314.443,-2.64582,2.08
GFGKALKLLKKVL,3.996868697,1414.848,-0.9023,2.09
FALALKKALKALKKAL,4.991853582,1727.262,-1.112,2.09
LKGCWTKSIPPKPCFGG,2.907662802,1819.233,-4.7535,2.09
GFKDLLKGAAKALVKTVKF,3.997414306,2034.524,-4.1166,2.09
AAGKVLKLLKKLL,3.997336712,1394.858,-0.7104,2.1
GGHILPWKWPWWPWRRGGC,3.05146042,2375.805,-0.56776,2.1
IRPIIRPIIRPIIRPIIRPIIRPI,5.9979181,2895.771,-1.28128,2.1
RIIDLLWRVWRPWWPKFVTVWVR,3.991525619,3108.792,1.78498,2.11
YQLLIRMIAKNI,1.991304349,1475.869,-1.78393,2.12
WIQAKTKVIAYVRYL,2.993937185,1852.26,-1.53623,2.12
KIWKCVENVCVLWYK,1.899990672,1911.374,-0.3712,2.12
RVCSAIPLPICK,1.901444967,1299.675,-3.19813,2.13
FKLFKKILKFL,3.992015737,1424.886,2.6748,2.13
INWKALLDAAKKVL,1.998175415,1582.956,-1.9381,2.13
GLFWIIKKTIGKLR,3.997019423,1673.129,-0.80823,2.14
KKMMKKGGFGTFMAIGMGIR,4.988267172,2189.822,-5.46353,2.14
GILDTLKQFAKGVGKDLVKGAAQ,1.998308402,2357.786,-9.2345,2.14
GFLEKLKTGAKDFASAFVNSIK,1.999359958,2371.768,-8.4797,2.14
ACYCRIPACIAGERRYATCIYQGRLWAFCC,2.72907713,3462.173,-10.53502,2.14
GIKDLLKGAAKALVKTVLK,3.997422681,1966.49,-4.5098,2.15
GWGSFFKKAAHVGKHVGKA,4.194494007,2012.356,-6.3287,2.15
DLRGACAAAHAL,0.053361896,1168.347,-5.81223,2.16
KIAGKAGKIAKIAGKAGKIA,5.98795326,1894.387,-6.7871,2.16
VAKKLAKLAKKLAKLALAL,5.996656888,1991.632,-2.0493,2.16
FAKLLAKKLL,2.992177891,1144.515,0.6154,2.17
FAKLFAKAFKKAL,3.992015737,1482.882,-0.3682,2.17
IWNKIAKSIGKVLEKAL,2.999064472,1911.369,-3.3147,2.17
FKAFKAFKAFKAFKAFKAFKA,6.991528241,2443.032,-1.1645,2.17
GIGAVLKVLTTGLPAAISWIKRKRQQ,4.997016111,2805.418,-9.51056,2.17
HFLGTLKNLAKKIL,3.091634187,1595.999,-2.5658,2.18
SALVGCWTKSYPPNPCFGRG,1.902609287,2140.482,-8.84803,2.18
KFAKFAKKFAKFAKGGPQQFFGLM,5.987950437,2723.338,-4.4109,2.18
GLFDLLKKLLKLLK,2.997584835,1642.152,0.8882,2.19
ILPFKFPFFPFRR,2.997761073,1712.124,1.69574,2.19
RRFPFFPFKFPLI,2.990816447,1712.124,1.69574,2.19
KWKLLKKIGAVLKVL,4.988116446,1737.301,0.7483,2.19
VKKFAWWWAFLKK,3.996973424,1738.162,3.1312,2.19
KIGKWLLWKGIKKIGKWL,5.987954291,2195.823,1.7567,2.19
HFLGTLVNLAKKIK,3.091626414,1581.972,-2.9559,2.2
KKAFAAAAAFAAWAAFAKKKK,5.987946518,2196.679,-4.4607,2.2
MWSKILGHLIR,2.092534332,1353.705,-1.11043,2.2
HFKGTLVNLAKKIL,3.091634187,1581.972,-2.9559,2.2
HFLGTLVNKAKKIL,3.091634187,1581.972,-2.9559,2.2
GHRRAFTFGGGYVYF,2.094606888,1734.943,-5.11516,2.2
KDRPKKPGLCPLIWWLIIKVG,3.94431466,2461.114,-0.55993,2.2
RCVCTRGFCRCICLLGIC,2.722856455,2019.617,-7.26479,2.21
FLGGLIKRVPAMICAVRKKC,4.90278647,2203.872,-4.31636,2.21
GLGKDLAKLGVDLVACKISKQC,1.908931721,2259.772,-8.3616,2.21
VFRLKAWIQKVI,2.997302195,1500.901,-0.04523,2.22
VFRLAKWIQKVI,2.997302195,1500.901,-0.04523,2.22
VFRLKKWIQAVI,2.997302195,1500.901,-0.04523,2.22
LNLKKLLAVAKKIL,3.996868697,1565.07,-0.9355,2.22
SLFSIFKTAAKFVGKNLLKQAGKAGLETLACKAKNEC,4.906023581,3929.721,-15.2199,2.22
KKFATIAKKFINWLW,3.98827968,1894.344,0.0692,2.23
KLLLKWLLKLLK,3.988270828,1509.049,3.2938,2.23
FVPWFKKFLGRIE,1.994104437,1667.036,0.93987,2.23
LWKILWKIWRVLWNWR,3.997178266,2296.85,3.83674,2.23
GWASKIGQTLGKMAKVGLQELIQPK,2.998636047,2682.236,-8.9809,2.23
GLWNTIKEAGKKFAINVLDKIRCGIAGGCKT,3.909854994,3305.973,-12.32193,2.23
VAKLLAKLAKKLL,3.996981197,1408.885,-0.3219,2.24
ALHKTMLKKLGTMAL,3.096312037,1656.142,-3.3383,2.24
AIPYIYIWRLLRKG,2.996114694,1762.182,0.36484,2.25
GFKMALKLLKKVL,3.996868697,1488.996,0.2194,2.25
KKLALALAKKWLALAKKLALALAKK,7.987622209,2703.541,-1.6825,2.25
HSHACTSYWCGKFCGTASCTHYLCRVLHPGKMCACVHCSR,4.127865382,4446.287,-20.05026,2.25
KLLKFIKTLL,2.988440755,1216.622,1.0025,2.26
KIASIGKEVLKAL,1.990215878,1369.716,-3.0284,2.26
FIHFRIGCQHSRIGI,2.145600565,1784.13,-5.23616,2.26
ILIACLGLKLLRYRRIY,3.951374482,2077.666,-1.07959,2.26
GLLKNIKTLL,1.997193006,1112.426,-1.8624,2.27
ALWKNMLKGI,1.997661021,1173.494,-0.8384,2.27
FLPKVKKLLSELL,1.993953014,1527.96,0.0954,2.27
ILPWGWPWWPWRR,1.997923228,1836.186,3.60464,2.27
GILAWKWAWWAWRR,2.997340421,1886.247,1.75954,2.27
FAKKLAKLAKKLAKLALAL,5.991691427,2039.676,-1.4626,2.27
KLAGLKAKWAGLKAKLAGLKA,5.98795326,2136.709,-4.1636,2.27
KLAKGLAKWAKGLAKLAKGLA,5.98795326,2136.709,-4.1636,2.27
KLKAGLAKWKAGLAKLKAGLA,5.98795326,2136.709,-4.1636,2.27
KWKKFIKNLTKGGSKILTTGLPALIS,5.987947601,2843.503,-7.9956,2.27
CILCKKILKYL,2.90915308,1337.808,0.6717,2.28
LNWGAWLKHWWK,2.095998404,1624.918,1.4698,2.28
KFLPWKIFCAITKKC,3.898893802,1826.356,-0.1843,2.28
IHHIHHHIHHIHHHIHHIHHH,1.48011923,2754.105,-5.1421,2.28
GLPVCGETCTLGTCSTQGCTCSWPICKRN,0.731013479,3019.555,-18.10563,2.28
VAIALKAAHYHTAKE,1.195849136,1622.893,-4.5833,2.29
WKKLVPYKIHAGI,3.093441926,1552.933,0.1928,2.29
FVKILAKLVNYAKN,2.99131504,1621.005,-2.4804,2.29
INWLKLGKKMMSAL,2.997451504,1633.107,-1.9787,2.29
KWKLFKKLGAVLKVLC,4.943415157,1874.464,0.3595,2.29
KRKLIFLAAFLAALALFKKR,5.988263861,2318.979,-1.24376,2.29
FPLTWPTKWWKG,1.992339015,1546.84,0.8553,2.3
FWQVIKKVKKIVQWF,3.991999589,1977.478,1.2261,2.3
CVKVQVKVGSGVKVQVKVC,3.90982356,1987.515,-7.4656,2.3
WGWRAIVRGIRKVAAPVLST,3.995813293,2236.705,-5.71559,2.3
KWKSFLKTFKAAVKTVLHTALKAISS,6.086760772,2904.546,-7.8372,2.3
APPGARPPPGPPPPGPPPPGP,0.997968883,1904.208,-5.99023,2.31
NIWKKIASIAKEVLKAL,2.986900967,1925.396,-2.9262,2.31
FFHHIFRGIVHVGKTKHRLVTG,4.387585076,2587.087,-6.28296,2.31
FFHHIFRGKVHVGKTIHRLVTG,4.387585076,2587.087,-6.28296,2.31
FPVTWPTKWWKG,1.992339015,1532.813,0.4652,2.32
KWKLFKKIGAVLKVL,4.988116446,1771.318,0.9449,2.32
LVKLVAGIKKFLKWK,4.996698769,1771.318,0.9449,2.32
CIIKKIIKKIIKKII,5.954200539,1795.491,1.2581,2.33
FFKLIPKLVKKLIKAFK,5.991683654,2061.725,2.0698,2.33
GWLDVAKKIGKAAFNVAKNFLK,3.997422681,2418.92,-5.5483,2.33
AKLWLKAAKLWLKA,3.997335681,1640.099,0.9287,2.34
ACWWAGAKQEF,-0.045101358,1296.476,-2.1828,2.35
FAKLLAKLAKLKL,3.992015737,1456.929,0.2648,2.35
FAKLLAKALKLKL,3.992015737,1456.929,0.2648,2.35
FAKLLAKLAKKLL,3.992015737,1456.929,0.2648,2.35
FAKLLAKALKKLL,3.992015737,1456.929,0.2648,2.35
GIWKKWIKKVVNVLKNLF,4.996690395,2213.794,-0.4898,2.35
GKLQAFLAKMKEIAAQTL,1.998805974,1961.407,-5.3053,2.36
GWFKKTFHKVSHAVKSGIHAGQRGCSALGF,5.248605241,3242.774,-13.23983,2.36
KVVVKWVVKVVK,3.988270828,1410.86,0.5631,2.37
ALGKFWEKIKSLF,1.999257842,1566.912,-0.541,2.37
IWLTKALKFLGKNLGK,3.997281576,1830.298,-2.0776,2.37
ALWKTMLKKLGTMA,2.997497835,1592.054,-2.111,2.39
AAKKGCWTVSIPPKPCF,2.9081157,1833.26,-4.3666,2.39
GLLKWIKKLL,2.997030851,1211.606,1.7344,2.41
CKLLKTFLSKWIC,2.909985715,1583.046,-1.0133,2.41
ILPWAWPWWPWRR,1.997923228,1850.213,3.99314,2.41
SLLSLFRKLI,1.992827751,1189.512,-1.38843,2.42
LCAALCLAIGRR,1.908135557,1259.614,-4.00726,2.42
ILGKIWEGKKSLF,1.999210479,1518.868,-1.1261,2.42
ALVYAGIKKTAFLKVQKCDG,2.952525668,2153.625,-5.8599,2.42
VKDLAKFIAKTVAKQGGCYL,2.952171185,2153.625,-5.8599,2.42
FFGWLIKGAIHAGKAIHGLIHRRRH,5.387566494,2892.473,-5.98419,2.42
IIPLPLKKFLKKL,3.997289349,1551.086,2.2636,2.43
AKKFGKAFVGEIM,1.999270135,1425.764,-2.2891,2.44
INWKKMAATALKMI,2.997451504,1619.08,-2.2279,2.44
FFGSLLSLGSKLLPSVFKLFQRKKE,3.993780128,2870.484,-6.41533,2.44
GILDTLKQLGKAAAQSLLSKAACKLAKTC,3.908045655,2945.596,-13.0659,2.44
GVIKAAKKVVKVLKNLF,4.996690395,1855.393,-2.6483,2.45
FLFKLIPKAIKKLISKFK,5.991683654,2162.83,0.937,2.45
IRPIIRPIIRPIIRPIIRPIIRPIIRPI,6.997914789,3375.397,-1.48041,2.45
GKKLFKKILKYLAGPAGIGKFLHSAK,7.094337216,2814.512,-4.8188,2.46
WWKAAAKAAAKWW,2.995480249,1573.87,0.6183,2.46
AANIPFKVHFRCKSIFC,3.007086082,1981.429,-4.60823,2.46
MRIGLRFVLM,1.993884268,1235.635,-0.53736,2.47
FIGAIASYLKKFR,2.991478203,1513.852,-2.02733,2.47
IWLTALKFLGKHAAKHLAKQQLSKL,5.194753536,2844.498,-5.4854,2.47
GIKAGIIIKIKK,3.996860924,1281.698,-1.2397,2.48
GIIAKIGIKIKK,3.996860924,1281.698,-1.2397,2.48
PKLLKFLSKWIG,2.999284287,1429.818,0.3176,2.48
KLLLKLLLKLLK,3.988270828,1435.995,2.6159,2.48
LLKKLLKLLLKL,3.996868697,1435.995,2.6159,2.48
FAKLLAKFLKKAL,3.992015737,1490.946,0.4614,2.48
FAKLLAKALKKFL,3.992015737,1490.946,0.4614,2.48
GWFDILKHVFRLLK,2.096719004,1772.177,0.34367,2.48
LGIKILWSARKFGKVIEKSF,3.998624361,2320.859,-3.38323,2.48
FKAFKAFKAFKAFKAFKAFKAFKA,7.991366087,2789.463,-1.3185,2.48
GIGKFLHSAKKFGKAFVGEIMNSK,4.097287063,2595.117,-8.2748,2.49
VYWKKILGKIIKVVK,4.995960855,1815.371,1.2866,2.49
AFALIAGALYRIFHRR,3.095930036,1875.262,-3.24499,2.49
LLAAHLLAIGRR,2.096315746,1303.624,-2.85496,2.5
AANIPFKVHFRCKAAFC,3.007086082,1923.349,-4.60683,2.5
FFHHIKRGIVHVGKTIHRLVTG,4.387585076,2553.07,-6.47956,2.5
FKHHIFRGIVHVGKTIHRLVTG,4.387585076,2553.07,-6.47956,2.5
GFMDTAKNVAKNVAVTLLDKLKCKITGGC,2.908769567,3039.69,-12.578,2.5
FLLKLGLGKKKLL,3.992015737,1470.956,0.514,2.51
GLFDILKKLLKLLK,2.997584835,1642.152,0.8882,2.51
KLALKAALKAWKAAAKLA,4.988115415,1866.376,-2.6475,2.51
KLAGLAKKLAGLAKKLAGLAK,5.987946518,2063.655,-4.8415,2.52
LAANFLPQILCKIARKC,2.907804896,1902.412,-4.28403,2.53
ASVVKWWTKWWAKLLK,3.997328939,2030.498,0.8994,2.53
GFKDLLKGAKKALVKTVLF,3.997414306,2076.605,-3.0904,2.53
KALAALAKKIL,2.988440755,1139.496,-1.1027,2.54
GVIIKKLKGAAKKVAAKLL,5.996544387,1949.551,-3.2164,2.54
GLFDIVKKVLKLLK,2.997584835,1614.098,0.108,2.55
WAGSAAIGALLPSVVGLFQKKKKKK,5.994984933,2626.238,-6.9993,2.55
WAKKAAKIGAKLLPSVVKLFKGSGQ,5.994984588,2626.238,-6.9993,2.55
KKKKKKWAGSAAIGALLPSVVGLFQ,5.987946174,2626.238,-6.9993,2.55
GWASKIGQTLGKMAKVGLQEIIQPK,2.998636047,2682.236,-8.9809,2.55
FLKWALKVAAK,2.992170119,1274.621,0.4079,2.56
ALWKTLLKKVLKAAA,3.997335681,1654.123,-1.2737,2.56
FKLVWKLLKKLALKL,4.991853582,1841.453,2.7497,2.56
CVDIGFSPTGKRPPFCPYPG,0.910196959,2138.506,-6.72983,2.56
PTTVHIIYRI,1.097731228,1212.462,-2.08053,2.57
FPVTWPTKWLKG,1.992339015,1459.759,-0.2127,2.57
CQWQFISPSRAGCIGP,0.910473511,1750.042,-7.33723,2.57
KFAKFAKKFAKFAKGGFGLM,5.987950437,2222.782,-2.63,2.57
VIHGLLKRIKTLL,3.096115366,1503.946,-1.35223,2.58
LYHFLHWFQRF,1.194273784,1593.86,1.19927,2.58
VTPPWARIYYGCAKA,1.951078981,1696.012,-3.08543,2.58
KIGAKIKIGAKIKIGAKI,5.987954291,1850.418,-3.3556,2.58
GLFGKSSVWGRKYYVDLAGCAKA,2.951366083,2476.893,-8.04393,2.58
PKLLKTFLKWIG,2.999284287,1443.845,0.7061,2.61
KWKLFKKIGAVLKVLC,4.943415157,1874.464,0.3595,2.61
GWASKIGTQLGKMAKVGLKEFVQS,2.998637129,2564.056,-9.4386,2.61
FFHHIFRGIVHKGKTIHRLVTG,4.387585076,2601.114,-5.89286,2.61
FFHHIFRGIKHVGKTIHRLVTG,4.387585076,2601.114,-5.89286,2.61
FLALAGKQEAIAKLK,1.993945241,1600.971,-3.1591,2.62
FCKSLPLPLSVK,1.947648764,1331.691,-2.0471,2.62
GVGDLIRKAVSVCKNIV,1.953228081,1771.165,-7.00643,2.62
ANWKGIAAMAKKLL,2.997498866,1514.906,-2.7105,2.63
HFLGTLVNLKKKIL,3.091634187,1624.053,-1.9297,2.64
GLLKRIATLL,1.997351849,1097.415,-1.58363,2.64
GLLARIKTLL,1.997351849,1097.415,-1.58363,2.64
TASFLLKLAGRW,1.991977838,1362.643,-2.72733,2.64
TAYFALKLAGRW,1.991127424,1396.66,-1.79753,2.64
TAYFLAKLAGRW,1.991127424,1396.66,-1.79753,2.64
ALWKTMLKKLGTMALHAGK,4.09614211,2098.662,-3.8948,2.65
AMPWRPATGLLPIKPTHIKPLCGDD,1.053224589,2728.289,-6.29743,2.65
PKLLKFLKWIG,2.999284287,1342.74,1.8405,2.66
RVCSAIPLPWCH,1.000411764,1381.696,-2.68343,2.66
GFKLGRKLVKVFKWII,4.996865385,1932.482,0.41817,2.66
YKLLKLLLPKLKPLLPKL,4.990659041,2131.857,3.1667,2.66
LLPIVGNLLKALLGWKRKRFG,4.997023198,2393.018,-2.75106,2.66
FAKLLAKLAKKIL,3.992015737,1456.929,0.2648,2.67
GLWKGKLGLWKGKLGLWKGKL,5.996544387,2366.979,-0.8947,2.67
GKLWLKGGKLWLKGGKLWLKG,5.996543356,2366.979,-0.8947,2.67
GKLWGLKGKLWGLKGKLWGLK,5.996536614,2366.979,-0.8947,2.67
KLWKIVVIKVWK,3.988270828,1540.022,2.8014,2.68
VKLVYPLKVKLYP,2.995429387,1560.005,1.6182,2.68
PMKKKLAARILAKIVAPVW,4.999120932,2133.774,-1.11203,2.68
ALWKDILKNVGKAAGKAVLNTVTDMVNQ,1.998776417,2998.55,-11.7655,2.68
GLFKIIKKIWKSF,3.996852549,1608.053,0.7494,2.69
SFLSLIRKLIT,1.992847499,1290.617,-2.52283,2.69
GAALAGLAKILCLWAKEFTGAFKKLNKKFAMKKK,7.953141764,3725.674,-6.8762,2.7
FVRWFSKFLGRIL,2.992495578,1669.056,-0.25846,2.7
GVIDAAKKVVNVLKNLP,1.997741627,1778.175,-5.2927,2.7
KWKLFKKIGAVLKVLTTG,4.988115415,2030.58,-2.2077,2.7
FKWKSVLKGVKGFVKGYF,4.99098702,2118.604,-1.4141,2.7
FLKALWKVAKKVF,3.991999589,1578.027,1.3853,2.71
PKILNKILGKILRLAAAFK,4.99911208,2107.711,-2.53943,2.72
GLVPCGETCFTGKCYTPGCSCSYPICKKN,1.728991652,3060.647,-14.2626,2.72
PICKRNGLPVCGETCTLGTCYTQGCTCSW,0.732431048,3095.653,-16.23113,2.72
GLFDVIKKVASKIKGL,2.997592608,1716.147,-3.3249,2.73
KILGKLWKGVKSIF,3.988262453,1617.061,-0.7211,2.74
QSVACTSYYCSKFCGSAG,0.856749813,1862.1,-11.7283,2.74
GWLDIAKKVASVVAGLGKR,2.997743334,1968.381,-5.97383,2.74
FLPLKKLRFGLL,2.992336735,1444.877,1.10587,2.75
FIFHIIKGLFHAGKMIHGLVTRRRH,5.387566494,2985.664,-5.34679,2.75
LWKIGWKIWRVG,2.997188664,1541.913,1.48147,2.76
LKWIGKWIWRVG,2.997188664,1541.913,1.48147,2.76
LRCLMLKFPI,1.95266834,1233.659,0.76997,2.77
ACGWAGIKQEF,-0.045101358,1209.395,-3.2492,2.78
ACWGAGIKQEF,-0.045101358,1209.395,-3.2492,2.78
MVDRGWGNGCGLF,-0.050084312,1411.634,-5.29343,2.78
HFLKTLVNLAKKIL,3.091634187,1638.08,-1.5412,2.78
DDALHHLLHHLLHHL,-1.407161517,1821.082,-2.7738,2.78
GIGAVLKVLTTGLCALISWIKRKRQQ,4.952332602,2853.528,-9.06076,2.78
GILGKLWEGVKSIK,1.998798201,1527.876,-2.5966,2.79
GLLKFIKKLL,2.997030851,1172.569,1.2531,2.79
ILPIRSLIKKLL,2.997610347,1406.869,0.07357,2.79
GIWKSLFTKLLKG,2.99702982,1490.858,-1.6101,2.79
LTKKLVVKVLYKVV,3.996016267,1630.141,-0.0359,2.79
FPVTWRWWTWWKG,1.992497858,1836.138,2.02607,2.79
NKGLAKLLKIGLKALESVIQ,2.98689285,2136.658,-5.5952,2.79
FKAFKAFKAFKAFKAFKAFKAFKAFKA,8.991203932,3135.894,-1.4725,2.79
LKGCWTKSIPPKPCFGF,2.907647685,1909.358,-3.1422,2.8
IRPIIRPIIRPIIRPIIRPIIRPIIRPIIRPI,7.997911478,3855.023,-1.67954,2.8
CKLLLKWLLKLLKC,3.90982356,1715.341,2.123,2.81
GVVVRVGRVVVRWV,2.997505366,1579.964,-3.27469,2.82
INWKKIAEIGKQVLSAL,1.999226627,1911.325,-4.1782,2.82
GVFRVLRKVTRVVLKVIGKVLKWI,6.996858763,2807.613,-2.71269,2.82
GILDSFKGVAKGVAKDLAGKLLDKLKCKITGC,3.909169169,3291.039,-10.919,2.82
CCGKYGFCGSGDAYC,-0.180033912,1533.756,-7.8145,2.83
VNWKKIILGKIIKVVK,4.99681127,1879.459,-0.2554,2.83
AVNIPFKVHLRCKAAFC,3.007086082,1917.386,-4.16733,2.83
GLWSKIKKAAKTAGKAALGFVNKMV,5.996542372,2618.24,-7.7802,2.83
KKLLKLLKLLLKKLLKLLKLLL,7.987629982,2627.655,4.2565,2.84
MWGRILGTVAKYGPKAVSWAWQHK,4.091359953,2771.299,-5.45893,2.84
CRPYGYRCDGVINQCCDPYHCTPPLIGICL,-0.170540951,3374.012,-11.34986,2.84
CVLIGQRCDNDRGPRCCSGQGNCVPLPFLGGVCAV,0.733191794,3608.273,-19.14839,2.84
KWKSFIKKLTSAAKKVLTTGLPALIS,5.987947601,2830.504,-7.4918,2.85
LSVKAFTGIQLRGVCGIEVKARG,2.954276966,2402.9,-9.75786,2.88
LLKKLWTKMKGAGKAVLGKIKGLL,6.996382233,2595.378,-3.1463,2.88
GIMSSLMKKLAKIIAK,3.996860924,1732.281,-3.4212,2.9
FLSFPTTKTYFPH,1.090448656,1585.826,-2.8197,2.9
GLPVCGETCVGGTCNTPGCKCSWPVCTRN,0.731013479,2943.46,-17.51143,2.9
GLPVCGETCVGGTCNKPGCTCSWPVCTRN,0.731013479,2943.46,-17.51143,2.9
FHYFWHWFHRF,1.288233995,1709.942,2.77407,2.91
PAWRHAFHWAWHMLHKAA,2.394857969,2253.638,-1.36653,2.91
KFAKFAKKFAKFAKGGQFFGLM,5.987950437,2498.09,-3.1522,2.91
KLKLLLLLKL,2.988440755,1194.66,2.4712,2.92
KLLKLLKLLL,2.988440755,1194.66,2.4712,2.92
DLRAICAGAHAL,0.053361896,1210.428,-4.78603,2.92
ACWAAGIKQEF,-0.045101358,1223.422,-2.8607,2.92
ACAWAGIKQEF,-0.045101358,1223.422,-2.8607,2.92
FLKLLKKLAAKFL,3.992015737,1533.027,1.4876,2.92
FLKLLKKLAAKLF,3.991999589,1533.027,1.4876,2.92
FLKALFKALKKLL,3.992015737,1533.027,1.4876,2.92
GIGKFLHSAKKPGKAFVGEIMNS,3.0974503,2416.882,-8.6251,2.92
LKKWWKTSKGLLGGLLGKVTSVIK,5.996536614,2641.293,-5.3689,2.92
KIAGKIAKIAGKIAKIAGKIAK,6.987784364,2191.83,-5.2277,2.94
VKLYVYPLKVKLYP,2.994578973,1723.181,2.0513,2.94
KIALKALKALKALGKALKAL,5.987954291,2062.711,-2.543,2.94
IIICRKPIICRKPIICRKPIII,5.863391042,2603.496,-1.47509,2.94
GIWGTLAKIGIKAVPRVISMLKKKQ,5.996695113,2736.464,-5.91373,2.94
ACTSIPPICGK,0.908448384,1089.35,-4.6361,2.95
VLKIKVKIWVVK,3.996973424,1452.941,1.7334,2.95
KIVPAMICAVTKKC,2.899055957,1504.998,-2.9686,2.95
INWKGIAAMAKKLA,2.997450473,1514.906,-2.7105,2.95
KIAGKIAKIAGKIA,3.988277569,1381.775,-3.2565,2.96
LWKAAAKAAAKLW,2.997031931,1427.762,-0.7375,2.96
WLKAAAKAAAKLW,2.995480249,1427.762,-0.7375,2.96
LWKAAAKAAAKWL,2.997030851,1427.762,-0.7375,2.96
KLKLLLKLGLKLL,3.9882786,1493.047,1.7321,2.96
ILKKIWEPIKSLF,1.999210479,1615.041,1.1634,2.96
AVNIPFKVHFRCKAAFC,3.007086082,1951.403,-3.97073,2.96
KKAAAAAAAAAAAAWAAAAAAKKKK,5.987946518,2252.701,-10.1103,2.97
FLPKIFCAITKKC,2.902793093,1511.967,-1.0069,2.97
RVCSAIPWPICH,1.000411764,1381.696,-2.68343,2.98
GMWPKILGHLIR,2.096156903,1420.796,-0.48033,2.98
LKLKLFPLKLKLFP,3.996855561,1698.263,2.9911,2.98
YKLLKWLLLKLKALLEKL,3.992434164,2226.914,3.2568,2.99
GVIIDTLKGAAKTVAAELLRKAH,2.098323444,2375.849,-8.31413,2.99
WVKAAAKAAAKVW,2.995480249,1399.708,-1.5177,3.00
KLLKLLKKLLGALG,3.988277569,1508.018,-0.1779,3.00
FIGRIARLLSKIF,2.992479431,1533.931,-1.76906,3.00
KIGKVLLVKGIKKIGKVL,5.987954291,1934.58,-1.4473,3.00
